"Source:","/Users/darcydu/Desktop/Lab_Data/Magnetic_Noise_Cancellation/Magnetic_Noise_Cancellation.kicad_sch"
"Date:","Thursday, March 06, 2025 at 10:42:25 AM"
"Tool:","Eeschema (6.0.7-1)-1"
"Generator:","/Applications/KiCad/KiCad.app/Contents/SharedSupport/plugins/bom_csv_grouped_by_value_with_fp.py"
"Component Count:","136"
"Ref","Qnty","Value","Cmp name","Footprint","Description","Vendor"
"C1, C2, C3, C4, C5, C8, C9, C10, C11, C12, C13, C14, C16, C17, C20, C21, C22, C23, C24, C26, C27, C29, C30, C31, C32, C33, C34, C35, C37, C39, C40, C41, C42, C43, C44, C45, C46, C47, C52, C53, ","40","100nF","C_Small","Capacitor_SMD:C_1206_3216Metric","Unpolarized capacitor, small symbol",""
"C6, C7, ","2","10µF","C","Capacitor_SMD:C_1206_3216Metric","Unpolarized capacitor",""
"C15, C18, ","2","1uF","C","Capacitor_SMD:C_1206_3216Metric","Unpolarized capacitor",""
"C19, C25, ","2","0nF","C_Small","Capacitor_SMD:C_1206_3216Metric","Unpolarized capacitor, small symbol",""
"C28, ","1","6.8 nF","C_Small","Capacitor_SMD:C_1206_3216Metric","Unpolarized capacitor, small symbol",""
"C36, C38, ","2","10 nF","C_Small","Capacitor_SMD:C_1206_3216Metric","Unpolarized capacitor, small symbol",""
"C48, C49, ","2","100uF","C_Small","Capacitor_SMD:C_1210_3225Metric","Unpolarized capacitor, small symbol",""
"C50, C51, ","2","220uF","C_Polarized_Small_US","Capacitor_Tantalum_SMD:CP_EIA-7343-43_Kemet-X","Polarized capacitor, small US symbol",""
"C_REF1, ","1","100nF","C_Small","Capacitor_SMD:C_1206_3216Metric","Unpolarized capacitor, small symbol",""
"C_REF2, ","1","1uF","C_Small","Capacitor_SMD:C_1206_3216Metric","Unpolarized capacitor, small symbol",""
"H1, H2, H3, H4, ","4","MountingHole","MountingHole","MountingHole:MountingHole_4mm","Mounting Hole without connection",""
"J1, J5, ","2","Bz_in","Conn_01x02","Connector_Molex:Molex_KK-254_AE-6410-02A_1x02_P2.54mm_Vertical","Generic connector, single row, 01x02, script generated (kicad-library-utils/schlib/autogen/connector/)",""
"J2, ","1","Ix_in","Conn_01x02","Connector_Molex:Molex_KK-254_AE-6410-02A_1x02_P2.54mm_Vertical","Generic connector, single row, 01x02, script generated (kicad-library-utils/schlib/autogen/connector/)",""
"J3, ","1","By_in","Conn_01x02","Connector_Molex:Molex_KK-254_AE-6410-02A_1x02_P2.54mm_Vertical","Generic connector, single row, 01x02, script generated (kicad-library-utils/schlib/autogen/connector/)",""
"J4, ","1","I_DC_in","Conn_01x02","Connector_Molex:Molex_KK-254_AE-6410-02A_1x02_P2.54mm_Vertical","Generic connector, single row, 01x02, script generated (kicad-library-utils/schlib/autogen/connector/)",""
"J6, ","1","Power x3","Conn_01x03_Male","Connector_Molex:Molex_KK-254_AE-6410-03A_1x03_P2.54mm_Vertical","Generic connector, single row, 01x03, script generated (kicad-library-utils/schlib/autogen/connector/)",""
"J7, J8, J9, J10, J26, ","5","RP_1 X3","Conn_01x03","Connector_Molex:Molex_KK-254_AE-6410-03A_1x03_P2.54mm_Vertical","Generic connector, single row, 01x03, script generated (kicad-library-utils/schlib/autogen/connector/)",""
"J11, ","1","Dig3","Conn_01x02","Connector_Molex:Molex_KK-254_AE-6410-02A_1x02_P2.54mm_Vertical","Generic connector, single row, 01x02, script generated (kicad-library-utils/schlib/autogen/connector/)",""
"J12, ","1","Dig2","Conn_01x02","Connector_Molex:Molex_KK-254_AE-6410-02A_1x02_P2.54mm_Vertical","Generic connector, single row, 01x02, script generated (kicad-library-utils/schlib/autogen/connector/)",""
"J13, ","1","Dig1","Conn_01x02","Connector_Molex:Molex_KK-254_AE-6410-02A_1x02_P2.54mm_Vertical","Generic connector, single row, 01x02, script generated (kicad-library-utils/schlib/autogen/connector/)",""
"J14, ","1","Integrator Monitor","Conn_01x02","Connector_Molex:Molex_KK-254_AE-6410-02A_1x02_P2.54mm_Vertical","Generic connector, single row, 01x02, script generated (kicad-library-utils/schlib/autogen/connector/)",""
"J15, J24, ","2","RV_P X2","Conn_01x02","Connector_Molex:Molex_KK-254_AE-6410-02A_1x02_P2.54mm_Vertical","Generic connector, single row, 01x02, script generated (kicad-library-utils/schlib/autogen/connector/)",""
"J16, ","1","Error Monitor","Conn_01x02","Connector_Molex:Molex_KK-254_AE-6410-02A_1x02_P2.54mm_Vertical","Generic connector, single row, 01x02, script generated (kicad-library-utils/schlib/autogen/connector/)",""
"J17, ","1","RV_I X2","Conn_01x02","Connector_Molex:Molex_KK-254_AE-6410-02A_1x02_P2.54mm_Vertical","Generic connector, single row, 01x02, script generated (kicad-library-utils/schlib/autogen/connector/)",""
"J18, J22, ","2","Coil Connection","Conn_01x02","Connector_Molex:Molex_KK-254_AE-6410-02A_1x02_P2.54mm_Vertical","Generic connector, single row, 01x02, script generated (kicad-library-utils/schlib/autogen/connector/)",""
"J19, J23, ","2","I_Signal","Conn_01x02","Connector_Molex:Molex_KK-254_AE-6410-02A_1x02_P2.54mm_Vertical","Generic connector, single row, 01x02, script generated (kicad-library-utils/schlib/autogen/connector/)",""
"J20, ","1","X Current Monitor","Conn_01x02","Connector_Molex:Molex_KK-254_AE-6410-02A_1x02_P2.54mm_Vertical","Generic connector, single row, 01x02, script generated (kicad-library-utils/schlib/autogen/connector/)",""
"J21, ","1","To I_input","Conn_01x02","Connector_Molex:Molex_KK-254_AE-6410-02A_1x02_P2.54mm_Vertical","Generic connector, single row, 01x02, script generated (kicad-library-utils/schlib/autogen/connector/)",""
"J25, ","1","Y Current Monitor","Conn_01x02","Connector_Molex:Molex_KK-254_AE-6410-02A_1x02_P2.54mm_Vertical","Generic connector, single row, 01x02, script generated (kicad-library-utils/schlib/autogen/connector/)",""
"J27, ","1","Bq Monitor","Conn_01x02","Connector_Molex:Molex_KK-254_AE-6410-02A_1x02_P2.54mm_Vertical","Generic connector, single row, 01x02, script generated (kicad-library-utils/schlib/autogen/connector/)",""
"J28, ","1","VR Temp Mon.","Conn_01x02","Connector_Molex:Molex_KK-254_AE-6410-02A_1x02_P2.54mm_Vertical","Generic connector, single row, 01x02, script generated (kicad-library-utils/schlib/autogen/connector/)",""
"J29, ","1","VR Mon.","Conn_01x02","Connector_Molex:Molex_KK-254_AE-6410-02A_1x02_P2.54mm_Vertical","Generic connector, single row, 01x02, script generated (kicad-library-utils/schlib/autogen/connector/)",""
"J30, ","1","Ext. VR","Conn_01x02","Connector_Molex:Molex_KK-254_AE-6410-02A_1x02_P2.54mm_Vertical","Generic connector, single row, 01x02, script generated (kicad-library-utils/schlib/autogen/connector/)",""
"R1, R10, R12, ","3","2k","R","Resistor_SMD:R_1206_3216Metric","Resistor",""
"R2, R8, R9, ","3","10k","R","Resistor_SMD:R_1206_3216Metric","Resistor",""
"R3, ","1","50","R","Resistor_SMD:R_1206_3216Metric","Resistor",""
"R4, R5, R6, ","3","50k","R","Resistor_SMD:R_1206_3216Metric","Resistor",""
"R7, R11, R16, ","3","20k","R","Resistor_SMD:R_1206_3216Metric","Resistor",""
"R13, ","1","13k","R","Resistor_SMD:R_1206_3216Metric","Resistor",""
"R14, ","1","1M","R","Resistor_SMD:R_1206_3216Metric","Resistor",""
"R15, R20, R21, R22, ","4","1k","R","Resistor_SMD:R_1206_3216Metric","Resistor",""
"R17, ","1","2.2k","R","Resistor_SMD:R_1206_3216Metric","Resistor",""
"R18, ","1","500","R","Resistor_SMD:R_1206_3216Metric","Resistor",""
"R19, R23, ","2","0","R","Resistor_SMD:R_1206_3216Metric","Resistor",""
"RV1, ","1","R_Potentiometer_Small","R_Potentiometer_Small","Potentiometer_SMD:Potentiometer_Bourns_3214X_Vertical","Potentiometer",""
"U1, U2, U3, U4, U5, ","5","AMP03GSZ","AMP03GSZ_2","Package_SO:SOIC-8_3.9x4.9mm_P1.27mm","",""
"U6, ","1","REF102CU","REF102CU","Package_SO:SOIC-8_3.9x4.9mm_P1.27mm","10V ±2.5mV Precision Voltage Reference, SO-8",""
"U7, ","1","OPA2189IDR","OPA2189IDR","OPA2189:D0008A_N","",""
"U8, U10, U12, U13, U15, U16, U18, U19, U20, U21, U22, U23, ","12","OP177","OP179GS","Package_SO:SOIC-8_3.9x4.9mm_P1.27mm","Single Rail-to-Rail High Output Current Operational Amplifiers, SOIC-8",""
"U9, ","1","LDK320M50R","TPS7A0531PDBV","Package_TO_SOT_SMD:SOT-23-5","200-mA Ultra-Low-Iq LDO, 3.1V, SOT-23-5",""
"U11, ","1","DG419CY+","DG419CY+","DG419CY+:dg419cy&plus_","",""
"U14, ","1","IVC102U","IVC102U","Package_SO:SOIC-14_3.9x8.7mm_P1.27mm","",""
"U17, ","1","ISO7730DWR","ISO7730DWR","ISO7730:DW0016B_N","",""
