"Source:","/Users/darcydu/Desktop/Lattice_Intensity_Lock_ver2/Lattice_Intensity_Lock.kicad_sch"
"Date:","Friday, December 15, 2023 at 10:50:41 AM"
"Tool:","Eeschema (6.0.7-1)-1"
"Generator:","/Applications/KiCad/KiCad.app/Contents/SharedSupport/plugins/bom_csv_grouped_by_value.py"
"Component Count:","84"

"Individual Components:"

"Item","Qty","Reference(s)","Value","LibPart","Footprint","Datasheet","AVAILABILITY","DESCRIPTION","MF","MP","PACKAGE","PRICE"
"","","C1","10µF","Device:C","Capacitor_SMD:C_1206_3216Metric","~","","","","","",""
"","","C2","100nF","Device:C_Small","Capacitor_SMD:C_1206_3216Metric","~","","","","","",""
"","","C3","10µF","Device:C","Capacitor_SMD:C_1206_3216Metric","~","","","","","",""
"","","C4","100nF","Device:C_Small","Capacitor_SMD:C_1206_3216Metric","~","","","","","",""
"","","C5","100nF","Device:C_Small","Capacitor_SMD:C_1206_3216Metric","~","","","","","",""
"","","C6","100nF","Device:C_Small","Capacitor_SMD:C_1206_3216Metric","~","","","","","",""
"","","C7","100nF","Device:C_Small","Capacitor_SMD:C_1206_3216Metric","~","","","","","",""
"","","C8","100nF","Device:C_Small","Capacitor_SMD:C_1206_3216Metric","~","","","","","",""
"","","C9","100nF","Device:C_Small","Capacitor_SMD:C_1206_3216Metric","~","","","","","",""
"","","C10","100nF","Device:C_Small","Capacitor_SMD:C_1206_3216Metric","~","","","","","",""
"","","C11","100nF","Device:C_Small","Capacitor_SMD:C_1206_3216Metric","~","","","","","",""
"","","C12","100nF","Device:C_Small","Capacitor_SMD:C_1206_3216Metric","~","","","","","",""
"","","C13","100nF","Device:C_Small","Capacitor_SMD:C_1206_3216Metric","~","","","","","",""
"","","C14","100nF","Device:C_Small","Capacitor_SMD:C_1206_3216Metric","~","","","","","",""
"","","C15","100nF","Device:C_Small","Capacitor_SMD:C_1206_3216Metric","~","","","","","",""
"","","C16","100nF","Device:C_Small","Capacitor_SMD:C_1206_3216Metric","~","","","","","",""
"","","C17","100nF","Device:C_Small","Capacitor_SMD:C_1206_3216Metric","~","","","","","",""
"","","C18","100nF","Device:C_Small","Capacitor_SMD:C_1206_3216Metric","~","","","","","",""
"","","C19","100nF","Device:C_Small","Capacitor_SMD:C_1206_3216Metric","~","","","","","",""
"","","C20","100nF","Device:C_Small","Capacitor_SMD:C_1206_3216Metric","~","","","","","",""
"","","C21","100nF","Device:C_Small","Capacitor_SMD:C_1206_3216Metric","~","","","","","",""
"","","C22","100nF","Device:C_Small","Capacitor_SMD:C_1206_3216Metric","~","","","","","",""
"","","C23","100nF","Device:C_Small","Capacitor_SMD:C_1206_3216Metric","~","","","","","",""
"","","C_REF1","100nF","Device:C_Small","Capacitor_SMD:C_1206_3216Metric","~","","","","","",""
"","","CI1","100nF","Device:C_Small","Capacitor_SMD:C_1206_3216Metric","~","","","","","",""
"","","CI2","100nF","Device:C_Small","Capacitor_SMD:C_1206_3216Metric","~","","","","","",""
"","","CINT1","100nF","Device:C_Small","Capacitor_SMD:C_1206_3216Metric","~","","","","","",""
"","","CINT2","100nF","Device:C_Small","Capacitor_SMD:C_1206_3216Metric","~","","","","","",""
"","","CR1","1uF","Device:C","Capacitor_SMD:C_1206_3216Metric","~","","","","","",""
"","","CR2","1uF","Device:C","Capacitor_SMD:C_1206_3216Metric","~","","","","","",""
"","","CR3","100nF","Device:C","Capacitor_SMD:C_1206_3216Metric","~","","","","","",""
"","","CR4","330nF","Device:C","Capacitor_SMD:C_1206_3216Metric","~","","","","","",""
"","","CS1","100nF","Device:C_Small","Capacitor_SMD:C_1206_3216Metric","~","","","","","",""
"","","CS2","100nF","Device:C_Small","Capacitor_SMD:C_1206_3216Metric","~","","","","","",""
"","","D1","D_Zener","Device:D_Zener","Diode_SMD:D_SOD-123","~","","","","","",""
"","","D2","D_Zener","Device:D_Zener","Diode_SMD:D_SOD-123","~","","","","","",""
"","","H1","MountingHole","Mechanical:MountingHole","MountingHole:MountingHole_4.3mm_M4","~","","","","","",""
"","","H2","MountingHole","Mechanical:MountingHole","MountingHole:MountingHole_4.3mm_M4","~","","","","","",""
"","","H3","MountingHole","Mechanical:MountingHole","MountingHole:MountingHole_4.3mm_M4","~","","","","","",""
"","","H4","MountingHole","Mechanical:MountingHole","MountingHole:MountingHole_4.3mm_M4","~","","","","","",""
"","","J1","Power x3","Connector:Conn_01x03_Male","Connector_Molex:Molex_KK-254_AE-6410-03A_1x03_P2.54mm_Vertical","~","","","","","",""
"","","J2","PD in x2","Connector_Generic:Conn_01x02","Connector_Molex:Molex_KK-254_AE-6410-02A_1x02_P2.54mm_Vertical","~","","","","","",""
"","","J3","GainCntrlx2","Connector_Generic:Conn_01x02","Connector_Molex:Molex_KK-254_AE-6410-02A_1x02_P2.54mm_Vertical","~","","","","","",""
"","","J4","DigCntrl x8","Connector_Generic:Conn_01x08","Connector_Molex:Molex_KK-254_AE-6410-08A_1x08_P2.54mm_Vertical","~","","","","","",""
"","","J5","RP_1 X3","Connector_Generic:Conn_01x03","Connector_Molex:Molex_KK-254_AE-6410-03A_1x03_P2.54mm_Vertical","~","","","","","",""
"","","J6","Monitor out x2","Connector_Generic:Conn_01x02","Connector_Molex:Molex_KK-254_AE-6410-02A_1x02_P2.54mm_Vertical","~","","","","","",""
"","","J7","RP_2 X3","Connector_Generic:Conn_01x03","Connector_Molex:Molex_KK-254_AE-6410-03A_1x03_P2.54mm_Vertical","~","","","","","",""
"","","J11","VControlX2","Connector_Generic:Conn_01x02","Connector_Molex:Molex_KK-254_AE-6410-02A_1x02_P2.54mm_Vertical","~","","","","","",""
"","","R1","20k","Device:R","Resistor_SMD:R_1206_3216Metric","~","","","","","",""
"","","R2","20k","Device:R","Resistor_SMD:R_1206_3216Metric","~","","","","","",""
"","","R3","20k","Device:R","Resistor_SMD:R_1206_3216Metric","~","","","","","",""
"","","R4","20k","Device:R","Resistor_SMD:R_1206_3216Metric","~","","","","","",""
"","","R5","1k","Device:R","Resistor_SMD:R_1206_3216Metric","~","","","","","",""
"","","R6","0k","Device:R","Resistor_SMD:R_1206_3216Metric","~","","","","","",""
"","","R7","1k","Device:R","Resistor_SMD:R_1206_3216Metric","~","","","","","",""
"","","R8","1k","Device:R","Resistor_SMD:R_1206_3216Metric","~","","","","","",""
"","","R9","0k","Device:R","Resistor_SMD:R_1206_3216Metric","~","","","","","",""
"","","R10","1k","Device:R","Resistor_SMD:R_1206_3216Metric","~","","","","","",""
"","","R11","0","Device:R","Resistor_SMD:R_1206_3216Metric","~","","","","","",""
"","","R12","0","Device:R","Resistor_SMD:R_1206_3216Metric","~","","","","","",""
"","","R13","1M","Device:R_Small","Resistor_SMD:R_1206_3216Metric","~","","","","","",""
"","","R14","1k","Device:R","Resistor_SMD:R_1206_3216Metric","~","","","","","",""
"","","R15","3M","Device:R","Resistor_SMD:R_1206_3216Metric","~","","","","","",""
"","","R16","20k","Device:R","Resistor_SMD:R_1206_3216Metric","~","","","","","",""
"","","RV1","R_PP","Device:R_Potentiometer_Trim_US","Potentiometer_SMD:Potentiometer_Bourns_3214X_Vertical","~","","","","","",""
"","","RV2","R_PI","Device:R_Potentiometer_Trim_US","Potentiometer_SMD:Potentiometer_Bourns_3214X_Vertical","~","","","","","",""
"","","U1","AD8429ARZ","Amplifier_Instrumentation:AD8429ARZ","Package_SO:SO-8_3.9x4.9mm_P1.27mm","https://www.analog.com/media/en/technical-documentation/data-sheets/AD8429.pdf","","","","","",""
"","","U2","OP177","Amplifier_Operational:LF356","Package_SO:SOIC-8_3.9x4.9mm_P1.27mm","http://www.ti.com/lit/ds/symlink/lf357.pdf","","","","","",""
"","","U3","MAX876","Reference_Voltage:MAX876","Package_SO:SOIC-8_3.9x4.9mm_P1.27mm","https://pdfserv.maximintegrated.com/en/ds/MAX872-MAX876.pdf","","","","","",""
"","","U4","LF356","Amplifier_Operational:LF356","Package_SO:SOIC-8_3.9x4.9mm_P1.27mm","http://www.ti.com/lit/ds/symlink/lf357.pdf","","","","","",""
"","","U5","OP177","Amplifier_Operational:LF356","Package_SO:SOIC-8_3.9x4.9mm_P1.27mm","http://www.ti.com/lit/ds/symlink/lf357.pdf","","","","","",""
"","","U6","DG303ACWE+","DG303ACWE_:DG303ACWE+","Package_SO:SOIC-16W_7.5x10.3mm_P1.27mm","","Unavailable","2 Circuit IC Switch 2:1 50Ohm 16-SOIC","Maxim Integrated","DG303ACWE+","SOIC-16 Maxim","None"
"","","U7","OPA189","Amplifier_Operational:OP179GS","Package_SO:SOIC-8_3.9x4.9mm_P1.27mm","https://www.analog.com/media/en/technical-documentation/data-sheets/OP179_279.pdf","","","","","",""
"","","U8","OPA189","Amplifier_Operational:OP179GS","Package_SO:SOIC-8_3.9x4.9mm_P1.27mm","https://www.analog.com/media/en/technical-documentation/data-sheets/OP179_279.pdf","","","","","",""
"","","U9","OPA189","Amplifier_Operational:OP179GS","Package_SO:SOIC-8_3.9x4.9mm_P1.27mm","https://www.analog.com/media/en/technical-documentation/data-sheets/OP179_279.pdf","","","","","",""
"","","U10","IVC102U","IVC102:IVC102U","Package_SO:SOIC-14_3.9x8.7mm_P1.27mm","","","","","","",""
"","","U11","OPA189","Amplifier_Operational:OP179GS","Package_SO:SOIC-8_3.9x4.9mm_P1.27mm","https://www.analog.com/media/en/technical-documentation/data-sheets/OP179_279.pdf","","","","","",""
"","","U12","LDK320M50R","Regulator_Linear:TPS7A0531PDBV","Package_TO_SOT_SMD:SOT-23-5","https://www.ti.com/lit/ds/symlink/tps7a05.pdf","","","","","",""
"","","U13","OPA189","Amplifier_Operational:OP179GS","Package_SO:SOIC-8_3.9x4.9mm_P1.27mm","https://www.analog.com/media/en/technical-documentation/data-sheets/OP179_279.pdf","","","","","",""
"","","U14","VCA810ID","VCA810:VCA810ID","Package_SO:SOIC-8_3.9x4.9mm_P1.27mm","","","","","","",""
"","","U15","OPA189","Amplifier_Operational:OP179GS","Package_SO:SOIC-8_3.9x4.9mm_P1.27mm","https://www.analog.com/media/en/technical-documentation/data-sheets/OP179_279.pdf","","","","","",""
"","","U16","LM79L05ACMX/NOPB","ul_LM79L05ACMX-NOPB:LM79L05ACMX{brace}slash}NOPB","Package_SO:SOIC-8_3.9x4.9mm_P1.27mm","","","","","","",""
"","","U17","INA105KU","Amplifier_Difference:INA105KU","Package_SO:SOIC-8_3.9x4.9mm_P1.27mm","https://www.ti.com/lit/ds/symlink/ina105.pdf","","","","","",""
"","","W1","Jumper_3_Open","Jumper:Jumper_3_Open","Resistor_SMD:W_1206_3216Metric","~","","","","","",""



"Collated Components:"

"Item","Qty","Reference(s)","Value","LibPart","Footprint","Datasheet","AVAILABILITY","DESCRIPTION","MF","MP","PACKAGE","PRICE"
"1","2","C1, C3","10µF","Device:C","Capacitor_SMD:C_1206_3216Metric","~","","","","","",""
"2","28","C2, C4, C5, C6, C7, C8, C9, C10, C11, C12, C13, C14, C15, C16, C17, C18, C19, C20, C21, C22, C23, C_REF1, CI1, CI2, CINT1, CINT2, CS1, CS2","100nF","Device:C_Small","Capacitor_SMD:C_1206_3216Metric","~","","","","","",""
"3","2","CR1, CR2","1uF","Device:C","Capacitor_SMD:C_1206_3216Metric","~","","","","","",""
"4","1","CR3","100nF","Device:C","Capacitor_SMD:C_1206_3216Metric","~","","","","","",""
"5","1","CR4","330nF","Device:C","Capacitor_SMD:C_1206_3216Metric","~","","","","","",""
"6","2","D1, D2","D_Zener","Device:D_Zener","Diode_SMD:D_SOD-123","~","","","","","",""
"7","4","H1, H2, H3, H4","MountingHole","Mechanical:MountingHole","MountingHole:MountingHole_4.3mm_M4","~","","","","","",""
"8","1","J1","Power x3","Connector:Conn_01x03_Male","Connector_Molex:Molex_KK-254_AE-6410-03A_1x03_P2.54mm_Vertical","~","","","","","",""
"9","1","J2","PD in x2","Connector_Generic:Conn_01x02","Connector_Molex:Molex_KK-254_AE-6410-02A_1x02_P2.54mm_Vertical","~","","","","","",""
"10","1","J3","GainCntrlx2","Connector_Generic:Conn_01x02","Connector_Molex:Molex_KK-254_AE-6410-02A_1x02_P2.54mm_Vertical","~","","","","","",""
"11","1","J4","DigCntrl x8","Connector_Generic:Conn_01x08","Connector_Molex:Molex_KK-254_AE-6410-08A_1x08_P2.54mm_Vertical","~","","","","","",""
"12","1","J5","RP_1 X3","Connector_Generic:Conn_01x03","Connector_Molex:Molex_KK-254_AE-6410-03A_1x03_P2.54mm_Vertical","~","","","","","",""
"13","1","J6","Monitor out x2","Connector_Generic:Conn_01x02","Connector_Molex:Molex_KK-254_AE-6410-02A_1x02_P2.54mm_Vertical","~","","","","","",""
"14","1","J7","RP_2 X3","Connector_Generic:Conn_01x03","Connector_Molex:Molex_KK-254_AE-6410-03A_1x03_P2.54mm_Vertical","~","","","","","",""
"15","1","J11","VControlX2","Connector_Generic:Conn_01x02","Connector_Molex:Molex_KK-254_AE-6410-02A_1x02_P2.54mm_Vertical","~","","","","","",""
"16","5","R1, R2, R3, R4, R16","20k","Device:R","Resistor_SMD:R_1206_3216Metric","~","","","","","",""
"17","5","R5, R7, R8, R10, R14","1k","Device:R","Resistor_SMD:R_1206_3216Metric","~","","","","","",""
"18","2","R6, R9","0k","Device:R","Resistor_SMD:R_1206_3216Metric","~","","","","","",""
"19","2","R11, R12","0","Device:R","Resistor_SMD:R_1206_3216Metric","~","","","","","",""
"20","1","R13","1M","Device:R_Small","Resistor_SMD:R_1206_3216Metric","~","","","","","",""
"21","1","R15","3M","Device:R","Resistor_SMD:R_1206_3216Metric","~","","","","","",""
"22","1","RV1","R_PP","Device:R_Potentiometer_Trim_US","Potentiometer_SMD:Potentiometer_Bourns_3214X_Vertical","~","","","","","",""
"23","1","RV2","R_PI","Device:R_Potentiometer_Trim_US","Potentiometer_SMD:Potentiometer_Bourns_3214X_Vertical","~","","","","","",""
"24","1","U1","AD8429ARZ","Amplifier_Instrumentation:AD8429ARZ","Package_SO:SO-8_3.9x4.9mm_P1.27mm","https://www.analog.com/media/en/technical-documentation/data-sheets/AD8429.pdf","","","","","",""
"25","2","U2, U5","OP177","Amplifier_Operational:LF356","Package_SO:SOIC-8_3.9x4.9mm_P1.27mm","http://www.ti.com/lit/ds/symlink/lf357.pdf","","","","","",""
"26","1","U3","MAX876","Reference_Voltage:MAX876","Package_SO:SOIC-8_3.9x4.9mm_P1.27mm","https://pdfserv.maximintegrated.com/en/ds/MAX872-MAX876.pdf","","","","","",""
"27","1","U4","LF356","Amplifier_Operational:LF356","Package_SO:SOIC-8_3.9x4.9mm_P1.27mm","http://www.ti.com/lit/ds/symlink/lf357.pdf","","","","","",""
"28","1","U6","DG303ACWE+","DG303ACWE_:DG303ACWE+","Package_SO:SOIC-16W_7.5x10.3mm_P1.27mm","","Unavailable","2 Circuit IC Switch 2:1 50Ohm 16-SOIC","Maxim Integrated","DG303ACWE+","SOIC-16 Maxim","None"
"29","6","U7, U8, U9, U11, U13, U15","OPA189","Amplifier_Operational:OP179GS","Package_SO:SOIC-8_3.9x4.9mm_P1.27mm","https://www.analog.com/media/en/technical-documentation/data-sheets/OP179_279.pdf","","","","","",""
"30","1","U10","IVC102U","IVC102:IVC102U","Package_SO:SOIC-14_3.9x8.7mm_P1.27mm","","","","","","",""
"31","1","U12","LDK320M50R","Regulator_Linear:TPS7A0531PDBV","Package_TO_SOT_SMD:SOT-23-5","https://www.ti.com/lit/ds/symlink/tps7a05.pdf","","","","","",""
"32","1","U14","VCA810ID","VCA810:VCA810ID","Package_SO:SOIC-8_3.9x4.9mm_P1.27mm","","","","","","",""
"33","1","U16","LM79L05ACMX/NOPB","ul_LM79L05ACMX-NOPB:LM79L05ACMX{brace}slash}NOPB","Package_SO:SOIC-8_3.9x4.9mm_P1.27mm","","","","","","",""
"34","1","U17","INA105KU","Amplifier_Difference:INA105KU","Package_SO:SOIC-8_3.9x4.9mm_P1.27mm","https://www.ti.com/lit/ds/symlink/ina105.pdf","","","","","",""
"35","1","W1","Jumper_3_Open","Jumper:Jumper_3_Open","Resistor_SMD:W_1206_3216Metric","~","","","","","",""
