<?xml version="1.0" encoding="UTF-8"?>
<export version="E">
  <design>
    <source>/Users/darcydu/Desktop/Lattice_Intensity_Lock_ver2/Lattice_Intensity_Lock.kicad_sch</source>
    <date>Friday, December 15, 2023 at 10:50:41 AM</date>
    <tool>Eeschema (6.0.7-1)-1</tool>
    <sheet number="1" name="/" tstamps="/">
      <title_block>
        <title>Optical lattice intensity lock</title>
        <company>Weiss Group</company>
        <rev/>
        <date>2023-11-30</date>
        <source>Lattice_Intensity_Lock.kicad_sch</source>
        <comment number="1" value="Designed and tested by Peng Du"/>
        <comment number="2" value="This circuit is used to stabilize the opticlal intensity of the opticla lattices."/>
        <comment number="3" value=""/>
        <comment number="4" value=""/>
        <comment number="5" value=""/>
        <comment number="6" value=""/>
        <comment number="7" value=""/>
        <comment number="8" value=""/>
        <comment number="9" value=""/>
      </title_block>
    </sheet>
  </design>
  <components>
    <comp ref="C1">
      <value>10µF</value>
      <footprint>Capacitor_SMD:C_1206_3216Metric</footprint>
      <libsource lib="Device" part="C" description="Unpolarized capacitor"/>
      <property name="Sheetname" value=""/>
      <property name="Sheetfile" value="Lattice_Intensity_Lock.kicad_sch"/>
      <sheetpath names="/" tstamps="/"/>
      <tstamps>8599dc2a-0648-4e20-95cf-dad3e0bc67c5</tstamps>
    </comp>
    <comp ref="C2">
      <value>100nF</value>
      <footprint>Capacitor_SMD:C_1206_3216Metric</footprint>
      <libsource lib="Device" part="C_Small" description="Unpolarized capacitor, small symbol"/>
      <property name="Sheetname" value=""/>
      <property name="Sheetfile" value="Lattice_Intensity_Lock.kicad_sch"/>
      <sheetpath names="/" tstamps="/"/>
      <tstamps>51a7cd7b-492b-48fc-90cd-0057ef8a966a</tstamps>
    </comp>
    <comp ref="C3">
      <value>10µF</value>
      <footprint>Capacitor_SMD:C_1206_3216Metric</footprint>
      <libsource lib="Device" part="C" description="Unpolarized capacitor"/>
      <property name="Sheetname" value=""/>
      <property name="Sheetfile" value="Lattice_Intensity_Lock.kicad_sch"/>
      <sheetpath names="/" tstamps="/"/>
      <tstamps>05b6fe50-9a70-4b5f-a291-fb66957f3e92</tstamps>
    </comp>
    <comp ref="C4">
      <value>100nF</value>
      <footprint>Capacitor_SMD:C_1206_3216Metric</footprint>
      <libsource lib="Device" part="C_Small" description="Unpolarized capacitor, small symbol"/>
      <property name="Sheetname" value=""/>
      <property name="Sheetfile" value="Lattice_Intensity_Lock.kicad_sch"/>
      <sheetpath names="/" tstamps="/"/>
      <tstamps>f86cac18-a85a-4137-8671-b4bf0b146a14</tstamps>
    </comp>
    <comp ref="C5">
      <value>100nF</value>
      <footprint>Capacitor_SMD:C_1206_3216Metric</footprint>
      <libsource lib="Device" part="C_Small" description="Unpolarized capacitor, small symbol"/>
      <property name="Sheetname" value=""/>
      <property name="Sheetfile" value="Lattice_Intensity_Lock.kicad_sch"/>
      <sheetpath names="/" tstamps="/"/>
      <tstamps>909b2742-5cda-4511-92a6-7d859e356e80</tstamps>
    </comp>
    <comp ref="C6">
      <value>100nF</value>
      <footprint>Capacitor_SMD:C_1206_3216Metric</footprint>
      <libsource lib="Device" part="C_Small" description="Unpolarized capacitor, small symbol"/>
      <property name="Sheetname" value=""/>
      <property name="Sheetfile" value="Lattice_Intensity_Lock.kicad_sch"/>
      <sheetpath names="/" tstamps="/"/>
      <tstamps>00a73584-ded2-4c15-be95-418be3e8a13e</tstamps>
    </comp>
    <comp ref="C7">
      <value>100nF</value>
      <footprint>Capacitor_SMD:C_1206_3216Metric</footprint>
      <libsource lib="Device" part="C_Small" description="Unpolarized capacitor, small symbol"/>
      <property name="Sheetname" value=""/>
      <property name="Sheetfile" value="Lattice_Intensity_Lock.kicad_sch"/>
      <sheetpath names="/" tstamps="/"/>
      <tstamps>431eb29f-d3a8-4c44-b16c-ea5802254808</tstamps>
    </comp>
    <comp ref="C8">
      <value>100nF</value>
      <footprint>Capacitor_SMD:C_1206_3216Metric</footprint>
      <libsource lib="Device" part="C_Small" description="Unpolarized capacitor, small symbol"/>
      <property name="Sheetname" value=""/>
      <property name="Sheetfile" value="Lattice_Intensity_Lock.kicad_sch"/>
      <sheetpath names="/" tstamps="/"/>
      <tstamps>59cc18da-806d-40cd-89e9-ea121bfd8406</tstamps>
    </comp>
    <comp ref="C9">
      <value>100nF</value>
      <footprint>Capacitor_SMD:C_1206_3216Metric</footprint>
      <libsource lib="Device" part="C_Small" description="Unpolarized capacitor, small symbol"/>
      <property name="Sheetname" value=""/>
      <property name="Sheetfile" value="Lattice_Intensity_Lock.kicad_sch"/>
      <sheetpath names="/" tstamps="/"/>
      <tstamps>9d42adf8-a0cc-4cf6-aba2-bbc8ae5d112c</tstamps>
    </comp>
    <comp ref="C10">
      <value>100nF</value>
      <footprint>Capacitor_SMD:C_1206_3216Metric</footprint>
      <libsource lib="Device" part="C_Small" description="Unpolarized capacitor, small symbol"/>
      <property name="Sheetname" value=""/>
      <property name="Sheetfile" value="Lattice_Intensity_Lock.kicad_sch"/>
      <sheetpath names="/" tstamps="/"/>
      <tstamps>675a03be-48f1-41e5-bd3a-5944afebe7be</tstamps>
    </comp>
    <comp ref="C11">
      <value>100nF</value>
      <footprint>Capacitor_SMD:C_1206_3216Metric</footprint>
      <libsource lib="Device" part="C_Small" description="Unpolarized capacitor, small symbol"/>
      <property name="Sheetname" value=""/>
      <property name="Sheetfile" value="Lattice_Intensity_Lock.kicad_sch"/>
      <sheetpath names="/" tstamps="/"/>
      <tstamps>d77a529e-f9e0-45f5-9dcd-9c5f0a879a17</tstamps>
    </comp>
    <comp ref="C12">
      <value>100nF</value>
      <footprint>Capacitor_SMD:C_1206_3216Metric</footprint>
      <libsource lib="Device" part="C_Small" description="Unpolarized capacitor, small symbol"/>
      <property name="Sheetname" value=""/>
      <property name="Sheetfile" value="Lattice_Intensity_Lock.kicad_sch"/>
      <sheetpath names="/" tstamps="/"/>
      <tstamps>7f930186-27c8-46ee-a744-a18364e576bc</tstamps>
    </comp>
    <comp ref="C13">
      <value>100nF</value>
      <footprint>Capacitor_SMD:C_1206_3216Metric</footprint>
      <libsource lib="Device" part="C_Small" description="Unpolarized capacitor, small symbol"/>
      <property name="Sheetname" value=""/>
      <property name="Sheetfile" value="Lattice_Intensity_Lock.kicad_sch"/>
      <sheetpath names="/" tstamps="/"/>
      <tstamps>c6ec84cb-aca4-4b8f-9c1c-4ebe7016ff1f</tstamps>
    </comp>
    <comp ref="C14">
      <value>100nF</value>
      <footprint>Capacitor_SMD:C_1206_3216Metric</footprint>
      <libsource lib="Device" part="C_Small" description="Unpolarized capacitor, small symbol"/>
      <property name="Sheetname" value=""/>
      <property name="Sheetfile" value="Lattice_Intensity_Lock.kicad_sch"/>
      <sheetpath names="/" tstamps="/"/>
      <tstamps>4b1d71a4-3b80-4bc1-9d90-e9e7d373769a</tstamps>
    </comp>
    <comp ref="C15">
      <value>100nF</value>
      <footprint>Capacitor_SMD:C_1206_3216Metric</footprint>
      <libsource lib="Device" part="C_Small" description="Unpolarized capacitor, small symbol"/>
      <property name="Sheetname" value=""/>
      <property name="Sheetfile" value="Lattice_Intensity_Lock.kicad_sch"/>
      <sheetpath names="/" tstamps="/"/>
      <tstamps>1b5aa54c-6efc-4554-bdb2-287982b21853</tstamps>
    </comp>
    <comp ref="C16">
      <value>100nF</value>
      <footprint>Capacitor_SMD:C_1206_3216Metric</footprint>
      <libsource lib="Device" part="C_Small" description="Unpolarized capacitor, small symbol"/>
      <property name="Sheetname" value=""/>
      <property name="Sheetfile" value="Lattice_Intensity_Lock.kicad_sch"/>
      <sheetpath names="/" tstamps="/"/>
      <tstamps>c141f542-cbbb-4f5a-8b61-82ca3216b48b</tstamps>
    </comp>
    <comp ref="C17">
      <value>100nF</value>
      <footprint>Capacitor_SMD:C_1206_3216Metric</footprint>
      <libsource lib="Device" part="C_Small" description="Unpolarized capacitor, small symbol"/>
      <property name="Sheetname" value=""/>
      <property name="Sheetfile" value="Lattice_Intensity_Lock.kicad_sch"/>
      <sheetpath names="/" tstamps="/"/>
      <tstamps>8c710cb8-a526-40ee-8fdd-ff579b75da8a</tstamps>
    </comp>
    <comp ref="C18">
      <value>100nF</value>
      <footprint>Capacitor_SMD:C_1206_3216Metric</footprint>
      <libsource lib="Device" part="C_Small" description="Unpolarized capacitor, small symbol"/>
      <property name="Sheetname" value=""/>
      <property name="Sheetfile" value="Lattice_Intensity_Lock.kicad_sch"/>
      <sheetpath names="/" tstamps="/"/>
      <tstamps>75878202-9a1a-48de-9ce2-484613455f54</tstamps>
    </comp>
    <comp ref="C19">
      <value>100nF</value>
      <footprint>Capacitor_SMD:C_1206_3216Metric</footprint>
      <libsource lib="Device" part="C_Small" description="Unpolarized capacitor, small symbol"/>
      <property name="Sheetname" value=""/>
      <property name="Sheetfile" value="Lattice_Intensity_Lock.kicad_sch"/>
      <sheetpath names="/" tstamps="/"/>
      <tstamps>804c35b6-bb27-4edc-8f50-ebbf73a54be1</tstamps>
    </comp>
    <comp ref="C20">
      <value>100nF</value>
      <footprint>Capacitor_SMD:C_1206_3216Metric</footprint>
      <libsource lib="Device" part="C_Small" description="Unpolarized capacitor, small symbol"/>
      <property name="Sheetname" value=""/>
      <property name="Sheetfile" value="Lattice_Intensity_Lock.kicad_sch"/>
      <sheetpath names="/" tstamps="/"/>
      <tstamps>f26d6fbb-3972-421b-9f40-65cbed0b5d2c</tstamps>
    </comp>
    <comp ref="C21">
      <value>100nF</value>
      <footprint>Capacitor_SMD:C_1206_3216Metric</footprint>
      <libsource lib="Device" part="C_Small" description="Unpolarized capacitor, small symbol"/>
      <property name="Sheetname" value=""/>
      <property name="Sheetfile" value="Lattice_Intensity_Lock.kicad_sch"/>
      <sheetpath names="/" tstamps="/"/>
      <tstamps>2b6fe370-006f-4510-9b3a-f9a0a14f4216</tstamps>
    </comp>
    <comp ref="C22">
      <value>100nF</value>
      <footprint>Capacitor_SMD:C_1206_3216Metric</footprint>
      <libsource lib="Device" part="C_Small" description="Unpolarized capacitor, small symbol"/>
      <property name="Sheetname" value=""/>
      <property name="Sheetfile" value="Lattice_Intensity_Lock.kicad_sch"/>
      <sheetpath names="/" tstamps="/"/>
      <tstamps>dfca2cbd-6fa8-49fd-b896-805e019133d2</tstamps>
    </comp>
    <comp ref="C23">
      <value>100nF</value>
      <footprint>Capacitor_SMD:C_1206_3216Metric</footprint>
      <libsource lib="Device" part="C_Small" description="Unpolarized capacitor, small symbol"/>
      <property name="Sheetname" value=""/>
      <property name="Sheetfile" value="Lattice_Intensity_Lock.kicad_sch"/>
      <sheetpath names="/" tstamps="/"/>
      <tstamps>f10fc5b3-eac8-412c-90f8-182d11494ae1</tstamps>
    </comp>
    <comp ref="CI1">
      <value>100nF</value>
      <footprint>Capacitor_SMD:C_1206_3216Metric</footprint>
      <libsource lib="Device" part="C_Small" description="Unpolarized capacitor, small symbol"/>
      <property name="Sheetname" value=""/>
      <property name="Sheetfile" value="Lattice_Intensity_Lock.kicad_sch"/>
      <sheetpath names="/" tstamps="/"/>
      <tstamps>8bb9e6b1-b5d9-4a4c-89dd-ee474b1e1e9e</tstamps>
    </comp>
    <comp ref="CI2">
      <value>100nF</value>
      <footprint>Capacitor_SMD:C_1206_3216Metric</footprint>
      <libsource lib="Device" part="C_Small" description="Unpolarized capacitor, small symbol"/>
      <property name="Sheetname" value=""/>
      <property name="Sheetfile" value="Lattice_Intensity_Lock.kicad_sch"/>
      <sheetpath names="/" tstamps="/"/>
      <tstamps>87ce28d4-ced1-47e9-a9b3-81acd641df78</tstamps>
    </comp>
    <comp ref="CINT1">
      <value>100nF</value>
      <footprint>Capacitor_SMD:C_1206_3216Metric</footprint>
      <libsource lib="Device" part="C_Small" description="Unpolarized capacitor, small symbol"/>
      <property name="Sheetname" value=""/>
      <property name="Sheetfile" value="Lattice_Intensity_Lock.kicad_sch"/>
      <sheetpath names="/" tstamps="/"/>
      <tstamps>4913d85c-9531-4d11-8361-1e069d06a8d0</tstamps>
    </comp>
    <comp ref="CINT2">
      <value>100nF</value>
      <footprint>Capacitor_SMD:C_1206_3216Metric</footprint>
      <libsource lib="Device" part="C_Small" description="Unpolarized capacitor, small symbol"/>
      <property name="Sheetname" value=""/>
      <property name="Sheetfile" value="Lattice_Intensity_Lock.kicad_sch"/>
      <sheetpath names="/" tstamps="/"/>
      <tstamps>67aaa10c-7403-40b8-9810-06a33231d19c</tstamps>
    </comp>
    <comp ref="CR1">
      <value>1uF</value>
      <footprint>Capacitor_SMD:C_1206_3216Metric</footprint>
      <libsource lib="Device" part="C" description="Unpolarized capacitor"/>
      <property name="Sheetname" value=""/>
      <property name="Sheetfile" value="Lattice_Intensity_Lock.kicad_sch"/>
      <sheetpath names="/" tstamps="/"/>
      <tstamps>fe29b817-c723-4ce3-88b9-4ba0e2c1b30b</tstamps>
    </comp>
    <comp ref="CR2">
      <value>1uF</value>
      <footprint>Capacitor_SMD:C_1206_3216Metric</footprint>
      <libsource lib="Device" part="C" description="Unpolarized capacitor"/>
      <property name="Sheetname" value=""/>
      <property name="Sheetfile" value="Lattice_Intensity_Lock.kicad_sch"/>
      <sheetpath names="/" tstamps="/"/>
      <tstamps>6de487b3-b329-4c45-be49-c97d96dd2775</tstamps>
    </comp>
    <comp ref="CR3">
      <value>100nF</value>
      <footprint>Capacitor_SMD:C_1206_3216Metric</footprint>
      <libsource lib="Device" part="C" description="Unpolarized capacitor"/>
      <property name="Sheetname" value=""/>
      <property name="Sheetfile" value="Lattice_Intensity_Lock.kicad_sch"/>
      <sheetpath names="/" tstamps="/"/>
      <tstamps>b634a18c-9675-46d0-9dee-2533058fdf4c</tstamps>
    </comp>
    <comp ref="CR4">
      <value>330nF</value>
      <footprint>Capacitor_SMD:C_1206_3216Metric</footprint>
      <libsource lib="Device" part="C" description="Unpolarized capacitor"/>
      <property name="Sheetname" value=""/>
      <property name="Sheetfile" value="Lattice_Intensity_Lock.kicad_sch"/>
      <sheetpath names="/" tstamps="/"/>
      <tstamps>ecf2ee25-9aed-4e62-ab5c-4431a0008384</tstamps>
    </comp>
    <comp ref="CS1">
      <value>100nF</value>
      <footprint>Capacitor_SMD:C_1206_3216Metric</footprint>
      <libsource lib="Device" part="C_Small" description="Unpolarized capacitor, small symbol"/>
      <property name="Sheetname" value=""/>
      <property name="Sheetfile" value="Lattice_Intensity_Lock.kicad_sch"/>
      <sheetpath names="/" tstamps="/"/>
      <tstamps>9938399f-6560-410f-a2af-49eaab1d8557</tstamps>
    </comp>
    <comp ref="CS2">
      <value>100nF</value>
      <footprint>Capacitor_SMD:C_1206_3216Metric</footprint>
      <libsource lib="Device" part="C_Small" description="Unpolarized capacitor, small symbol"/>
      <property name="Sheetname" value=""/>
      <property name="Sheetfile" value="Lattice_Intensity_Lock.kicad_sch"/>
      <sheetpath names="/" tstamps="/"/>
      <tstamps>da500ab9-c319-4bd0-8a17-49aaf51db705</tstamps>
    </comp>
    <comp ref="C_REF1">
      <value>100nF</value>
      <footprint>Capacitor_SMD:C_1206_3216Metric</footprint>
      <libsource lib="Device" part="C_Small" description="Unpolarized capacitor, small symbol"/>
      <property name="Sheetname" value=""/>
      <property name="Sheetfile" value="Lattice_Intensity_Lock.kicad_sch"/>
      <sheetpath names="/" tstamps="/"/>
      <tstamps>fa51fe86-0a67-4afd-8cb1-78ad7c5e4a2e</tstamps>
    </comp>
    <comp ref="D1">
      <value>D_Zener</value>
      <footprint>Diode_SMD:D_SOD-123</footprint>
      <libsource lib="Device" part="D_Zener" description="Zener diode"/>
      <property name="Sheetname" value=""/>
      <property name="Sheetfile" value="Lattice_Intensity_Lock.kicad_sch"/>
      <sheetpath names="/" tstamps="/"/>
      <tstamps>9af47639-db3b-4245-b8c1-e711e7252f18</tstamps>
    </comp>
    <comp ref="D2">
      <value>D_Zener</value>
      <footprint>Diode_SMD:D_SOD-123</footprint>
      <libsource lib="Device" part="D_Zener" description="Zener diode"/>
      <property name="Sheetname" value=""/>
      <property name="Sheetfile" value="Lattice_Intensity_Lock.kicad_sch"/>
      <sheetpath names="/" tstamps="/"/>
      <tstamps>e1e330a6-b373-4c43-b8c1-94e3c698b231</tstamps>
    </comp>
    <comp ref="H1">
      <value>MountingHole</value>
      <footprint>MountingHole:MountingHole_4.3mm_M4</footprint>
      <libsource lib="Mechanical" part="MountingHole" description="Mounting Hole without connection"/>
      <property name="Sheetname" value=""/>
      <property name="Sheetfile" value="Lattice_Intensity_Lock.kicad_sch"/>
      <sheetpath names="/" tstamps="/"/>
      <tstamps>b77b410d-05e7-4fe7-bb57-844f7932d6cb</tstamps>
    </comp>
    <comp ref="H2">
      <value>MountingHole</value>
      <footprint>MountingHole:MountingHole_4.3mm_M4</footprint>
      <libsource lib="Mechanical" part="MountingHole" description="Mounting Hole without connection"/>
      <property name="Sheetname" value=""/>
      <property name="Sheetfile" value="Lattice_Intensity_Lock.kicad_sch"/>
      <sheetpath names="/" tstamps="/"/>
      <tstamps>8bdc25e5-e203-427a-bed0-de5468697b5f</tstamps>
    </comp>
    <comp ref="H3">
      <value>MountingHole</value>
      <footprint>MountingHole:MountingHole_4.3mm_M4</footprint>
      <libsource lib="Mechanical" part="MountingHole" description="Mounting Hole without connection"/>
      <property name="Sheetname" value=""/>
      <property name="Sheetfile" value="Lattice_Intensity_Lock.kicad_sch"/>
      <sheetpath names="/" tstamps="/"/>
      <tstamps>a5684e41-e6ac-49c5-bd79-d88f28377cce</tstamps>
    </comp>
    <comp ref="H4">
      <value>MountingHole</value>
      <footprint>MountingHole:MountingHole_4.3mm_M4</footprint>
      <libsource lib="Mechanical" part="MountingHole" description="Mounting Hole without connection"/>
      <property name="Sheetname" value=""/>
      <property name="Sheetfile" value="Lattice_Intensity_Lock.kicad_sch"/>
      <sheetpath names="/" tstamps="/"/>
      <tstamps>a7ece8ac-0bba-4c69-b21b-81f4649d9058</tstamps>
    </comp>
    <comp ref="J1">
      <value>Power x3</value>
      <footprint>Connector_Molex:Molex_KK-254_AE-6410-03A_1x03_P2.54mm_Vertical</footprint>
      <libsource lib="Connector" part="Conn_01x03_Male" description="Generic connector, single row, 01x03, script generated (kicad-library-utils/schlib/autogen/connector/)"/>
      <property name="Sheetname" value=""/>
      <property name="Sheetfile" value="Lattice_Intensity_Lock.kicad_sch"/>
      <sheetpath names="/" tstamps="/"/>
      <tstamps>7367b0e6-7e30-4f2d-860e-374d9552a29c</tstamps>
    </comp>
    <comp ref="J2">
      <value>PD in x2</value>
      <footprint>Connector_Molex:Molex_KK-254_AE-6410-02A_1x02_P2.54mm_Vertical</footprint>
      <libsource lib="Connector_Generic" part="Conn_01x02" description="Generic connector, single row, 01x02, script generated (kicad-library-utils/schlib/autogen/connector/)"/>
      <property name="Sheetname" value=""/>
      <property name="Sheetfile" value="Lattice_Intensity_Lock.kicad_sch"/>
      <sheetpath names="/" tstamps="/"/>
      <tstamps>9e178c67-3ad7-48cc-81d3-5f71202f9c29</tstamps>
    </comp>
    <comp ref="J3">
      <value>GainCntrlx2</value>
      <footprint>Connector_Molex:Molex_KK-254_AE-6410-02A_1x02_P2.54mm_Vertical</footprint>
      <libsource lib="Connector_Generic" part="Conn_01x02" description="Generic connector, single row, 01x02, script generated (kicad-library-utils/schlib/autogen/connector/)"/>
      <property name="Sheetname" value=""/>
      <property name="Sheetfile" value="Lattice_Intensity_Lock.kicad_sch"/>
      <sheetpath names="/" tstamps="/"/>
      <tstamps>cdd21090-8ccb-41cd-abd3-9035622c5c19</tstamps>
    </comp>
    <comp ref="J4">
      <value>DigCntrl x8</value>
      <footprint>Connector_Molex:Molex_KK-254_AE-6410-08A_1x08_P2.54mm_Vertical</footprint>
      <libsource lib="Connector_Generic" part="Conn_01x08" description="Generic connector, single row, 01x08, script generated (kicad-library-utils/schlib/autogen/connector/)"/>
      <property name="Sheetname" value=""/>
      <property name="Sheetfile" value="Lattice_Intensity_Lock.kicad_sch"/>
      <sheetpath names="/" tstamps="/"/>
      <tstamps>839a9f9e-565d-418b-8427-ad29feee936d</tstamps>
    </comp>
    <comp ref="J5">
      <value>RP_1 X3</value>
      <footprint>Connector_Molex:Molex_KK-254_AE-6410-03A_1x03_P2.54mm_Vertical</footprint>
      <libsource lib="Connector_Generic" part="Conn_01x03" description="Generic connector, single row, 01x03, script generated (kicad-library-utils/schlib/autogen/connector/)"/>
      <property name="Sheetname" value=""/>
      <property name="Sheetfile" value="Lattice_Intensity_Lock.kicad_sch"/>
      <sheetpath names="/" tstamps="/"/>
      <tstamps>bc2f9893-6162-487f-a82c-953691f9e9d9</tstamps>
    </comp>
    <comp ref="J6">
      <value>Monitor out x2</value>
      <footprint>Connector_Molex:Molex_KK-254_AE-6410-02A_1x02_P2.54mm_Vertical</footprint>
      <libsource lib="Connector_Generic" part="Conn_01x02" description="Generic connector, single row, 01x02, script generated (kicad-library-utils/schlib/autogen/connector/)"/>
      <property name="Sheetname" value=""/>
      <property name="Sheetfile" value="Lattice_Intensity_Lock.kicad_sch"/>
      <sheetpath names="/" tstamps="/"/>
      <tstamps>6ec0561c-2af5-4532-a9ab-7c6c6b43dd75</tstamps>
    </comp>
    <comp ref="J7">
      <value>RP_2 X3</value>
      <footprint>Connector_Molex:Molex_KK-254_AE-6410-03A_1x03_P2.54mm_Vertical</footprint>
      <libsource lib="Connector_Generic" part="Conn_01x03" description="Generic connector, single row, 01x03, script generated (kicad-library-utils/schlib/autogen/connector/)"/>
      <property name="Sheetname" value=""/>
      <property name="Sheetfile" value="Lattice_Intensity_Lock.kicad_sch"/>
      <sheetpath names="/" tstamps="/"/>
      <tstamps>f557aece-fad3-418b-b6d5-31c113fa6649</tstamps>
    </comp>
    <comp ref="J11">
      <value>VControlX2</value>
      <footprint>Connector_Molex:Molex_KK-254_AE-6410-02A_1x02_P2.54mm_Vertical</footprint>
      <libsource lib="Connector_Generic" part="Conn_01x02" description="Generic connector, single row, 01x02, script generated (kicad-library-utils/schlib/autogen/connector/)"/>
      <property name="Sheetname" value=""/>
      <property name="Sheetfile" value="Lattice_Intensity_Lock.kicad_sch"/>
      <sheetpath names="/" tstamps="/"/>
      <tstamps>2c057e67-d85e-49f4-8908-a6537a4a5d62</tstamps>
    </comp>
    <comp ref="R1">
      <value>20k</value>
      <footprint>Resistor_SMD:R_1206_3216Metric</footprint>
      <libsource lib="Device" part="R" description="Resistor"/>
      <property name="Sheetname" value=""/>
      <property name="Sheetfile" value="Lattice_Intensity_Lock.kicad_sch"/>
      <sheetpath names="/" tstamps="/"/>
      <tstamps>46a05cf7-c654-4646-b839-d3a6675aa71d</tstamps>
    </comp>
    <comp ref="R2">
      <value>20k</value>
      <footprint>Resistor_SMD:R_1206_3216Metric</footprint>
      <libsource lib="Device" part="R" description="Resistor"/>
      <property name="Sheetname" value=""/>
      <property name="Sheetfile" value="Lattice_Intensity_Lock.kicad_sch"/>
      <sheetpath names="/" tstamps="/"/>
      <tstamps>f974d05f-df9b-43d8-85b4-29365ddadafa</tstamps>
    </comp>
    <comp ref="R3">
      <value>20k</value>
      <footprint>Resistor_SMD:R_1206_3216Metric</footprint>
      <libsource lib="Device" part="R" description="Resistor"/>
      <property name="Sheetname" value=""/>
      <property name="Sheetfile" value="Lattice_Intensity_Lock.kicad_sch"/>
      <sheetpath names="/" tstamps="/"/>
      <tstamps>93f5ef50-8e03-4b34-a6a0-a6cb8bb6582e</tstamps>
    </comp>
    <comp ref="R4">
      <value>20k</value>
      <footprint>Resistor_SMD:R_1206_3216Metric</footprint>
      <libsource lib="Device" part="R" description="Resistor"/>
      <property name="Sheetname" value=""/>
      <property name="Sheetfile" value="Lattice_Intensity_Lock.kicad_sch"/>
      <sheetpath names="/" tstamps="/"/>
      <tstamps>a529efe3-62bf-4d4e-8df5-9d94b28a21df</tstamps>
    </comp>
    <comp ref="R5">
      <value>1k</value>
      <footprint>Resistor_SMD:R_1206_3216Metric</footprint>
      <libsource lib="Device" part="R" description="Resistor"/>
      <property name="Sheetname" value=""/>
      <property name="Sheetfile" value="Lattice_Intensity_Lock.kicad_sch"/>
      <sheetpath names="/" tstamps="/"/>
      <tstamps>02c88607-3dbd-4e0f-b875-5e46934b64de</tstamps>
    </comp>
    <comp ref="R6">
      <value>0k</value>
      <footprint>Resistor_SMD:R_1206_3216Metric</footprint>
      <libsource lib="Device" part="R" description="Resistor"/>
      <property name="Sheetname" value=""/>
      <property name="Sheetfile" value="Lattice_Intensity_Lock.kicad_sch"/>
      <sheetpath names="/" tstamps="/"/>
      <tstamps>41be8cca-f59b-43a8-bbb0-473da307698b</tstamps>
    </comp>
    <comp ref="R7">
      <value>1k</value>
      <footprint>Resistor_SMD:R_1206_3216Metric</footprint>
      <libsource lib="Device" part="R" description="Resistor"/>
      <property name="Sheetname" value=""/>
      <property name="Sheetfile" value="Lattice_Intensity_Lock.kicad_sch"/>
      <sheetpath names="/" tstamps="/"/>
      <tstamps>d8993690-840b-4ead-ab81-7f2b38d15a6f</tstamps>
    </comp>
    <comp ref="R8">
      <value>1k</value>
      <footprint>Resistor_SMD:R_1206_3216Metric</footprint>
      <libsource lib="Device" part="R" description="Resistor"/>
      <property name="Sheetname" value=""/>
      <property name="Sheetfile" value="Lattice_Intensity_Lock.kicad_sch"/>
      <sheetpath names="/" tstamps="/"/>
      <tstamps>7dcf6c6b-79fe-49d3-98c9-6ed3d0cc690c</tstamps>
    </comp>
    <comp ref="R9">
      <value>0k</value>
      <footprint>Resistor_SMD:R_1206_3216Metric</footprint>
      <libsource lib="Device" part="R" description="Resistor"/>
      <property name="Sheetname" value=""/>
      <property name="Sheetfile" value="Lattice_Intensity_Lock.kicad_sch"/>
      <sheetpath names="/" tstamps="/"/>
      <tstamps>8ac96517-c98b-4ebf-be94-23cef265d514</tstamps>
    </comp>
    <comp ref="R10">
      <value>1k</value>
      <footprint>Resistor_SMD:R_1206_3216Metric</footprint>
      <libsource lib="Device" part="R" description="Resistor"/>
      <property name="Sheetname" value=""/>
      <property name="Sheetfile" value="Lattice_Intensity_Lock.kicad_sch"/>
      <sheetpath names="/" tstamps="/"/>
      <tstamps>7c3f6b92-68dc-4670-8f1d-39300d40e309</tstamps>
    </comp>
    <comp ref="R11">
      <value>0</value>
      <footprint>Resistor_SMD:R_1206_3216Metric</footprint>
      <libsource lib="Device" part="R" description="Resistor"/>
      <property name="Sheetname" value=""/>
      <property name="Sheetfile" value="Lattice_Intensity_Lock.kicad_sch"/>
      <sheetpath names="/" tstamps="/"/>
      <tstamps>d5e93bc7-394f-415a-bb73-bc126dca18a2</tstamps>
    </comp>
    <comp ref="R12">
      <value>0</value>
      <footprint>Resistor_SMD:R_1206_3216Metric</footprint>
      <libsource lib="Device" part="R" description="Resistor"/>
      <property name="Sheetname" value=""/>
      <property name="Sheetfile" value="Lattice_Intensity_Lock.kicad_sch"/>
      <sheetpath names="/" tstamps="/"/>
      <tstamps>70d402c5-8af9-4140-848e-7687a1f907c8</tstamps>
    </comp>
    <comp ref="R13">
      <value>1M</value>
      <footprint>Resistor_SMD:R_1206_3216Metric</footprint>
      <libsource lib="Device" part="R_Small" description="Resistor, small symbol"/>
      <property name="Sheetname" value=""/>
      <property name="Sheetfile" value="Lattice_Intensity_Lock.kicad_sch"/>
      <sheetpath names="/" tstamps="/"/>
      <tstamps>6cba8baf-613c-41b3-ab13-073e3c2ecce8</tstamps>
    </comp>
    <comp ref="R14">
      <value>1k</value>
      <footprint>Resistor_SMD:R_1206_3216Metric</footprint>
      <libsource lib="Device" part="R" description="Resistor"/>
      <property name="Sheetname" value=""/>
      <property name="Sheetfile" value="Lattice_Intensity_Lock.kicad_sch"/>
      <sheetpath names="/" tstamps="/"/>
      <tstamps>0e7be1cb-018a-4f91-bb92-9c120b59025b</tstamps>
    </comp>
    <comp ref="R15">
      <value>3M</value>
      <footprint>Resistor_SMD:R_1206_3216Metric</footprint>
      <libsource lib="Device" part="R" description="Resistor"/>
      <property name="Sheetname" value=""/>
      <property name="Sheetfile" value="Lattice_Intensity_Lock.kicad_sch"/>
      <sheetpath names="/" tstamps="/"/>
      <tstamps>21b9a02a-330b-46b3-8a0c-55dd4f02ade9</tstamps>
    </comp>
    <comp ref="R16">
      <value>20k</value>
      <footprint>Resistor_SMD:R_1206_3216Metric</footprint>
      <libsource lib="Device" part="R" description="Resistor"/>
      <property name="Sheetname" value=""/>
      <property name="Sheetfile" value="Lattice_Intensity_Lock.kicad_sch"/>
      <sheetpath names="/" tstamps="/"/>
      <tstamps>6e7ffa19-99a9-4c2b-807c-248d9839ab13</tstamps>
    </comp>
    <comp ref="RV1">
      <value>R_PP</value>
      <footprint>Potentiometer_SMD:Potentiometer_Bourns_3214X_Vertical</footprint>
      <libsource lib="Device" part="R_Potentiometer_Trim_US" description="Trim-potentiometer, US symbol"/>
      <property name="Sheetname" value=""/>
      <property name="Sheetfile" value="Lattice_Intensity_Lock.kicad_sch"/>
      <sheetpath names="/" tstamps="/"/>
      <tstamps>968efade-7727-48ac-b018-099d6d7d0546</tstamps>
    </comp>
    <comp ref="RV2">
      <value>R_PI</value>
      <footprint>Potentiometer_SMD:Potentiometer_Bourns_3214X_Vertical</footprint>
      <libsource lib="Device" part="R_Potentiometer_Trim_US" description="Trim-potentiometer, US symbol"/>
      <property name="Sheetname" value=""/>
      <property name="Sheetfile" value="Lattice_Intensity_Lock.kicad_sch"/>
      <sheetpath names="/" tstamps="/"/>
      <tstamps>74bcda92-ed98-4cb4-8f65-07fde71a78ae</tstamps>
    </comp>
    <comp ref="U1">
      <value>AD8429ARZ</value>
      <footprint>Package_SO:SO-8_3.9x4.9mm_P1.27mm</footprint>
      <datasheet>https://www.analog.com/media/en/technical-documentation/data-sheets/AD8429.pdf</datasheet>
      <libsource lib="Amplifier_Instrumentation" part="AD8429ARZ" description="Low Noise, Instumentation Amplifier, SOIC-8"/>
      <property name="Sheetname" value=""/>
      <property name="Sheetfile" value="Lattice_Intensity_Lock.kicad_sch"/>
      <sheetpath names="/" tstamps="/"/>
      <tstamps>36fe1aff-7e8a-4067-b048-a6691bb1b8e8</tstamps>
    </comp>
    <comp ref="U2">
      <value>OP177</value>
      <footprint>Package_SO:SOIC-8_3.9x4.9mm_P1.27mm</footprint>
      <datasheet>http://www.ti.com/lit/ds/symlink/lf357.pdf</datasheet>
      <libsource lib="Amplifier_Operational" part="LF356" description="Single JFET Input Operational Amplifiers, DIP-8/SOIC-8"/>
      <property name="Sheetname" value=""/>
      <property name="Sheetfile" value="Lattice_Intensity_Lock.kicad_sch"/>
      <sheetpath names="/" tstamps="/"/>
      <tstamps>f49ef9d2-2d87-485f-a4a6-58ba744bd3d7</tstamps>
    </comp>
    <comp ref="U3">
      <value>MAX876</value>
      <footprint>Package_SO:SOIC-8_3.9x4.9mm_P1.27mm</footprint>
      <datasheet>https://pdfserv.maximintegrated.com/en/ds/MAX872-MAX876.pdf</datasheet>
      <libsource lib="Reference_Voltage" part="MAX876" description="10µA Low-Dropout Precision Voltage Reference, SO-8/DIP-8"/>
      <property name="Sheetname" value=""/>
      <property name="Sheetfile" value="Lattice_Intensity_Lock.kicad_sch"/>
      <sheetpath names="/" tstamps="/"/>
      <tstamps>7f3a73ba-0a13-4dbf-835a-13f579eee8f9</tstamps>
    </comp>
    <comp ref="U4">
      <value>LF356</value>
      <footprint>Package_SO:SOIC-8_3.9x4.9mm_P1.27mm</footprint>
      <datasheet>http://www.ti.com/lit/ds/symlink/lf357.pdf</datasheet>
      <libsource lib="Amplifier_Operational" part="LF356" description="Single JFET Input Operational Amplifiers, DIP-8/SOIC-8"/>
      <property name="Sheetname" value=""/>
      <property name="Sheetfile" value="Lattice_Intensity_Lock.kicad_sch"/>
      <sheetpath names="/" tstamps="/"/>
      <tstamps>96a29fd4-389f-43c4-b737-f3838f20196a</tstamps>
    </comp>
    <comp ref="U5">
      <value>OP177</value>
      <footprint>Package_SO:SOIC-8_3.9x4.9mm_P1.27mm</footprint>
      <datasheet>http://www.ti.com/lit/ds/symlink/lf357.pdf</datasheet>
      <libsource lib="Amplifier_Operational" part="LF356" description="Single JFET Input Operational Amplifiers, DIP-8/SOIC-8"/>
      <property name="Sheetname" value=""/>
      <property name="Sheetfile" value="Lattice_Intensity_Lock.kicad_sch"/>
      <sheetpath names="/" tstamps="/"/>
      <tstamps>c165677c-c376-4888-981a-0088bad18d2f</tstamps>
    </comp>
    <comp ref="U6">
      <value>DG303ACWE+</value>
      <footprint>Package_SO:SOIC-16W_7.5x10.3mm_P1.27mm</footprint>
      <fields>
        <field name="AVAILABILITY">Unavailable</field>
        <field name="DESCRIPTION">2 Circuit IC Switch 2:1 50Ohm 16-SOIC</field>
        <field name="MF">Maxim Integrated</field>
        <field name="MP">DG303ACWE+</field>
        <field name="PACKAGE">SOIC-16 Maxim</field>
        <field name="PRICE">None</field>
      </fields>
      <libsource lib="DG303ACWE_" part="DG303ACWE+" description=""/>
      <property name="MF" value="Maxim Integrated"/>
      <property name="DESCRIPTION" value="2 Circuit IC Switch 2:1 50Ohm 16-SOIC"/>
      <property name="MP" value="DG303ACWE+"/>
      <property name="PACKAGE" value="SOIC-16 Maxim"/>
      <property name="AVAILABILITY" value="Unavailable"/>
      <property name="PRICE" value="None"/>
      <property name="Sheetname" value=""/>
      <property name="Sheetfile" value="Lattice_Intensity_Lock.kicad_sch"/>
      <sheetpath names="/" tstamps="/"/>
      <tstamps>62344eee-a01a-4a8c-9918-8ceadf6b7bde</tstamps>
    </comp>
    <comp ref="U7">
      <value>OPA189</value>
      <footprint>Package_SO:SOIC-8_3.9x4.9mm_P1.27mm</footprint>
      <datasheet>https://www.analog.com/media/en/technical-documentation/data-sheets/OP179_279.pdf</datasheet>
      <libsource lib="Amplifier_Operational" part="OP179GS" description="Single Rail-to-Rail High Output Current Operational Amplifiers, SOIC-8"/>
      <property name="Sheetname" value=""/>
      <property name="Sheetfile" value="Lattice_Intensity_Lock.kicad_sch"/>
      <sheetpath names="/" tstamps="/"/>
      <tstamps>a25555f5-000b-4dfc-addf-2c185ed96e4b</tstamps>
    </comp>
    <comp ref="U8">
      <value>OPA189</value>
      <footprint>Package_SO:SOIC-8_3.9x4.9mm_P1.27mm</footprint>
      <datasheet>https://www.analog.com/media/en/technical-documentation/data-sheets/OP179_279.pdf</datasheet>
      <libsource lib="Amplifier_Operational" part="OP179GS" description="Single Rail-to-Rail High Output Current Operational Amplifiers, SOIC-8"/>
      <property name="Sheetname" value=""/>
      <property name="Sheetfile" value="Lattice_Intensity_Lock.kicad_sch"/>
      <sheetpath names="/" tstamps="/"/>
      <tstamps>bae2e85c-c682-4697-88b9-f7603b6078d2</tstamps>
    </comp>
    <comp ref="U9">
      <value>OPA189</value>
      <footprint>Package_SO:SOIC-8_3.9x4.9mm_P1.27mm</footprint>
      <datasheet>https://www.analog.com/media/en/technical-documentation/data-sheets/OP179_279.pdf</datasheet>
      <libsource lib="Amplifier_Operational" part="OP179GS" description="Single Rail-to-Rail High Output Current Operational Amplifiers, SOIC-8"/>
      <property name="Sheetname" value=""/>
      <property name="Sheetfile" value="Lattice_Intensity_Lock.kicad_sch"/>
      <sheetpath names="/" tstamps="/"/>
      <tstamps>c34b3640-fb81-4a73-a0a3-7c3ec92e9b3e</tstamps>
    </comp>
    <comp ref="U10">
      <value>IVC102U</value>
      <footprint>Package_SO:SOIC-14_3.9x8.7mm_P1.27mm</footprint>
      <libsource lib="IVC102" part="IVC102U" description=""/>
      <property name="Sheetname" value=""/>
      <property name="Sheetfile" value="Lattice_Intensity_Lock.kicad_sch"/>
      <sheetpath names="/" tstamps="/"/>
      <tstamps>993a233e-5658-4d0b-bee1-776e1b75b881</tstamps>
    </comp>
    <comp ref="U11">
      <value>OPA189</value>
      <footprint>Package_SO:SOIC-8_3.9x4.9mm_P1.27mm</footprint>
      <datasheet>https://www.analog.com/media/en/technical-documentation/data-sheets/OP179_279.pdf</datasheet>
      <libsource lib="Amplifier_Operational" part="OP179GS" description="Single Rail-to-Rail High Output Current Operational Amplifiers, SOIC-8"/>
      <property name="Sheetname" value=""/>
      <property name="Sheetfile" value="Lattice_Intensity_Lock.kicad_sch"/>
      <sheetpath names="/" tstamps="/"/>
      <tstamps>ad9df183-1f30-4e61-a821-35a342cd4d67</tstamps>
    </comp>
    <comp ref="U12">
      <value>LDK320M50R</value>
      <footprint>Package_TO_SOT_SMD:SOT-23-5</footprint>
      <datasheet>https://www.ti.com/lit/ds/symlink/tps7a05.pdf</datasheet>
      <libsource lib="Regulator_Linear" part="TPS7A0531PDBV" description="200-mA Ultra-Low-Iq LDO, 3.1V, SOT-23-5"/>
      <property name="Sheetname" value=""/>
      <property name="Sheetfile" value="Lattice_Intensity_Lock.kicad_sch"/>
      <sheetpath names="/" tstamps="/"/>
      <tstamps>97699f72-05be-4a01-bad0-0210be1643bf</tstamps>
    </comp>
    <comp ref="U13">
      <value>OPA189</value>
      <footprint>Package_SO:SOIC-8_3.9x4.9mm_P1.27mm</footprint>
      <datasheet>https://www.analog.com/media/en/technical-documentation/data-sheets/OP179_279.pdf</datasheet>
      <libsource lib="Amplifier_Operational" part="OP179GS" description="Single Rail-to-Rail High Output Current Operational Amplifiers, SOIC-8"/>
      <property name="Sheetname" value=""/>
      <property name="Sheetfile" value="Lattice_Intensity_Lock.kicad_sch"/>
      <sheetpath names="/" tstamps="/"/>
      <tstamps>bcf618fe-3753-4f3f-975b-7cde369b1f9a</tstamps>
    </comp>
    <comp ref="U14">
      <value>VCA810ID</value>
      <footprint>Package_SO:SOIC-8_3.9x4.9mm_P1.27mm</footprint>
      <libsource lib="VCA810" part="VCA810ID" description=""/>
      <property name="Sheetname" value=""/>
      <property name="Sheetfile" value="Lattice_Intensity_Lock.kicad_sch"/>
      <sheetpath names="/" tstamps="/"/>
      <tstamps>b2c368e0-65a3-42f3-b348-d56b00c5e90d</tstamps>
    </comp>
    <comp ref="U15">
      <value>OPA189</value>
      <footprint>Package_SO:SOIC-8_3.9x4.9mm_P1.27mm</footprint>
      <datasheet>https://www.analog.com/media/en/technical-documentation/data-sheets/OP179_279.pdf</datasheet>
      <libsource lib="Amplifier_Operational" part="OP179GS" description="Single Rail-to-Rail High Output Current Operational Amplifiers, SOIC-8"/>
      <property name="Sheetname" value=""/>
      <property name="Sheetfile" value="Lattice_Intensity_Lock.kicad_sch"/>
      <sheetpath names="/" tstamps="/"/>
      <tstamps>27accfee-5c8f-4da5-bf52-2fb7bb75aa80</tstamps>
    </comp>
    <comp ref="U16">
      <value>LM79L05ACMX/NOPB</value>
      <footprint>Package_SO:SOIC-8_3.9x4.9mm_P1.27mm</footprint>
      <libsource lib="ul_LM79L05ACMX-NOPB" part="LM79L05ACMX{brace}slash}NOPB" description=""/>
      <property name="Sheetname" value=""/>
      <property name="Sheetfile" value="Lattice_Intensity_Lock.kicad_sch"/>
      <sheetpath names="/" tstamps="/"/>
      <tstamps>50592deb-5452-4e6a-90c8-19af38ccdea4</tstamps>
    </comp>
    <comp ref="U17">
      <value>INA105KU</value>
      <footprint>Package_SO:SOIC-8_3.9x4.9mm_P1.27mm</footprint>
      <datasheet>https://www.ti.com/lit/ds/symlink/ina105.pdf</datasheet>
      <libsource lib="Amplifier_Difference" part="INA105KU" description="Low Power, Wide Supply Range, Low Cost Unity-Gain Difference Amplifier, SOIC-8"/>
      <property name="Sheetname" value=""/>
      <property name="Sheetfile" value="Lattice_Intensity_Lock.kicad_sch"/>
      <sheetpath names="/" tstamps="/"/>
      <tstamps>87116773-f368-44a6-94c0-10fe1663a520</tstamps>
    </comp>
    <comp ref="W1">
      <value>Jumper_3_Open</value>
      <footprint>Resistor_SMD:W_1206_3216Metric</footprint>
      <libsource lib="Jumper" part="Jumper_3_Open" description="Jumper, 3-pole, both open"/>
      <property name="Sheetname" value=""/>
      <property name="Sheetfile" value="Lattice_Intensity_Lock.kicad_sch"/>
      <sheetpath names="/" tstamps="/"/>
      <tstamps>0c5129fa-d7ad-4fcc-8b82-534fc6abfd07</tstamps>
    </comp>
  </components>
  <libparts>
    <libpart lib="Amplifier_Difference" part="INA105KU">
      <description>Low Power, Wide Supply Range, Low Cost Unity-Gain Difference Amplifier, SOIC-8</description>
      <docs>https://www.ti.com/lit/ds/symlink/ina105.pdf</docs>
      <footprints>
        <fp>SOIC*3.9x4.9mm*P1.27mm*</fp>
      </footprints>
      <fields>
        <field name="Reference">U</field>
        <field name="Value">INA105KU</field>
        <field name="Footprint">Package_SO:SOIC-8_3.9x4.9mm_P1.27mm</field>
        <field name="Datasheet">https://www.ti.com/lit/ds/symlink/ina105.pdf</field>
      </fields>
      <pins>
        <pin num="1" name="REF" type="passive"/>
        <pin num="2" name="-" type="passive"/>
        <pin num="3" name="+" type="passive"/>
        <pin num="4" name="V-" type="power_in"/>
        <pin num="5" name="SENSE" type="passive"/>
        <pin num="6" name="" type="output"/>
        <pin num="7" name="V+" type="power_in"/>
        <pin num="8" name="" type="no_connect"/>
      </pins>
    </libpart>
    <libpart lib="Amplifier_Instrumentation" part="AD8429ARZ">
      <description>Low Noise, Instumentation Amplifier, SOIC-8</description>
      <docs>https://www.analog.com/media/en/technical-documentation/data-sheets/AD8429.pdf</docs>
      <footprints>
        <fp>SOIC-8*</fp>
      </footprints>
      <fields>
        <field name="Reference">U</field>
        <field name="Value">AD8429ARZ</field>
        <field name="Datasheet">https://www.analog.com/media/en/technical-documentation/data-sheets/AD8429.pdf</field>
      </fields>
      <pins>
        <pin num="1" name="-" type="input"/>
        <pin num="2" name="Rg" type="passive"/>
        <pin num="3" name="Rg" type="passive"/>
        <pin num="4" name="+" type="input"/>
        <pin num="5" name="Vs-" type="power_in"/>
        <pin num="6" name="Ref" type="passive"/>
        <pin num="7" name="" type="output"/>
        <pin num="8" name="Vs+" type="power_in"/>
      </pins>
    </libpart>
    <libpart lib="Amplifier_Operational" part="LF356">
      <description>Single JFET Input Operational Amplifiers, DIP-8/SOIC-8</description>
      <docs>http://www.ti.com/lit/ds/symlink/lf357.pdf</docs>
      <footprints>
        <fp>SOIC*3.9x4.9mm*P1.27mm*</fp>
        <fp>DIP*W7.62mm*</fp>
        <fp>TSSOP*3x3mm*P0.65mm*</fp>
      </footprints>
      <fields>
        <field name="Reference">U</field>
        <field name="Value">LF356</field>
        <field name="Datasheet">http://www.ti.com/lit/ds/symlink/lf357.pdf</field>
      </fields>
      <pins>
        <pin num="1" name="NULL" type="input"/>
        <pin num="2" name="-" type="input"/>
        <pin num="3" name="+" type="input"/>
        <pin num="4" name="V-" type="power_in"/>
        <pin num="5" name="NULL" type="input"/>
        <pin num="6" name="" type="output"/>
        <pin num="7" name="V+" type="power_in"/>
        <pin num="8" name="NC" type="no_connect"/>
      </pins>
    </libpart>
    <libpart lib="Amplifier_Operational" part="OP179GS">
      <description>Single Rail-to-Rail High Output Current Operational Amplifiers, SOIC-8</description>
      <docs>https://www.analog.com/media/en/technical-documentation/data-sheets/OP179_279.pdf</docs>
      <footprints>
        <fp>SOIC*3.9x4.9mm*P1.27mm*</fp>
      </footprints>
      <fields>
        <field name="Reference">U</field>
        <field name="Value">OP179GS</field>
        <field name="Footprint">Package_SO:SOIC-8_3.9x4.9mm_P1.27mm</field>
        <field name="Datasheet">https://www.analog.com/media/en/technical-documentation/data-sheets/OP179_279.pdf</field>
      </fields>
      <pins>
        <pin num="1" name="NC" type="no_connect"/>
        <pin num="2" name="-" type="input"/>
        <pin num="3" name="+" type="input"/>
        <pin num="4" name="V-" type="power_in"/>
        <pin num="5" name="NC" type="no_connect"/>
        <pin num="6" name="" type="output"/>
        <pin num="7" name="V+" type="power_in"/>
        <pin num="8" name="NC" type="no_connect"/>
      </pins>
    </libpart>
    <libpart lib="Connector" part="Conn_01x03_Male">
      <description>Generic connector, single row, 01x03, script generated (kicad-library-utils/schlib/autogen/connector/)</description>
      <docs>~</docs>
      <footprints>
        <fp>Connector*:*_1x??_*</fp>
      </footprints>
      <fields>
        <field name="Reference">J</field>
        <field name="Value">Conn_01x03_Male</field>
        <field name="Datasheet">~</field>
      </fields>
      <pins>
        <pin num="1" name="Pin_1" type="passive"/>
        <pin num="2" name="Pin_2" type="passive"/>
        <pin num="3" name="Pin_3" type="passive"/>
      </pins>
    </libpart>
    <libpart lib="Connector_Generic" part="Conn_01x02">
      <description>Generic connector, single row, 01x02, script generated (kicad-library-utils/schlib/autogen/connector/)</description>
      <docs>~</docs>
      <footprints>
        <fp>Connector*:*_1x??_*</fp>
      </footprints>
      <fields>
        <field name="Reference">J</field>
        <field name="Value">Conn_01x02</field>
        <field name="Datasheet">~</field>
      </fields>
      <pins>
        <pin num="1" name="Pin_1" type="passive"/>
        <pin num="2" name="Pin_2" type="passive"/>
      </pins>
    </libpart>
    <libpart lib="Connector_Generic" part="Conn_01x03">
      <description>Generic connector, single row, 01x03, script generated (kicad-library-utils/schlib/autogen/connector/)</description>
      <docs>~</docs>
      <footprints>
        <fp>Connector*:*_1x??_*</fp>
      </footprints>
      <fields>
        <field name="Reference">J</field>
        <field name="Value">Conn_01x03</field>
        <field name="Datasheet">~</field>
      </fields>
      <pins>
        <pin num="1" name="Pin_1" type="passive"/>
        <pin num="2" name="Pin_2" type="passive"/>
        <pin num="3" name="Pin_3" type="passive"/>
      </pins>
    </libpart>
    <libpart lib="Connector_Generic" part="Conn_01x08">
      <description>Generic connector, single row, 01x08, script generated (kicad-library-utils/schlib/autogen/connector/)</description>
      <docs>~</docs>
      <footprints>
        <fp>Connector*:*_1x??_*</fp>
      </footprints>
      <fields>
        <field name="Reference">J</field>
        <field name="Value">Conn_01x08</field>
        <field name="Datasheet">~</field>
      </fields>
      <pins>
        <pin num="1" name="Pin_1" type="passive"/>
        <pin num="2" name="Pin_2" type="passive"/>
        <pin num="3" name="Pin_3" type="passive"/>
        <pin num="4" name="Pin_4" type="passive"/>
        <pin num="5" name="Pin_5" type="passive"/>
        <pin num="6" name="Pin_6" type="passive"/>
        <pin num="7" name="Pin_7" type="passive"/>
        <pin num="8" name="Pin_8" type="passive"/>
      </pins>
    </libpart>
    <libpart lib="DG303ACWE_" part="DG303ACWE+">
      <fields>
        <field name="Reference">U6</field>
        <field name="Value">DG303ACWE+</field>
        <field name="Footprint">Package_SO:SOIC-16W_7.5x10.3mm_P1.27mm</field>
        <field name="MF">Maxim Integrated</field>
        <field name="DESCRIPTION">2 Circuit IC Switch 2:1 50Ohm 16-SOIC</field>
        <field name="MP">DG303ACWE+</field>
        <field name="PACKAGE">SOIC-16 Maxim</field>
        <field name="AVAILABILITY">Unavailable</field>
        <field name="PRICE">None</field>
      </fields>
      <pins>
        <pin num="1" name="NC" type="no_connect"/>
        <pin num="2" name="S3" type="bidirectional"/>
        <pin num="3" name="D3" type="bidirectional"/>
        <pin num="4" name="D1" type="bidirectional"/>
        <pin num="5" name="S1" type="bidirectional"/>
        <pin num="6" name="IN1" type="input"/>
        <pin num="7" name="GND" type="power_in"/>
        <pin num="8" name="NC" type="no_connect"/>
        <pin num="9" name="NC" type="no_connect"/>
        <pin num="10" name="V-" type="input"/>
        <pin num="11" name="IN2" type="input"/>
        <pin num="12" name="S2" type="passive"/>
        <pin num="13" name="D2" type="bidirectional"/>
        <pin num="14" name="D4" type="bidirectional"/>
        <pin num="15" name="S4" type="bidirectional"/>
        <pin num="16" name="V+" type="input"/>
      </pins>
    </libpart>
    <libpart lib="Device" part="C">
      <description>Unpolarized capacitor</description>
      <docs>~</docs>
      <footprints>
        <fp>C_*</fp>
      </footprints>
      <fields>
        <field name="Reference">C</field>
        <field name="Value">C</field>
        <field name="Datasheet">~</field>
      </fields>
      <pins>
        <pin num="1" name="" type="passive"/>
        <pin num="2" name="" type="passive"/>
      </pins>
    </libpart>
    <libpart lib="Device" part="C_Small">
      <description>Unpolarized capacitor, small symbol</description>
      <docs>~</docs>
      <footprints>
        <fp>C_*</fp>
      </footprints>
      <fields>
        <field name="Reference">C</field>
        <field name="Value">C_Small</field>
        <field name="Datasheet">~</field>
      </fields>
      <pins>
        <pin num="1" name="" type="passive"/>
        <pin num="2" name="" type="passive"/>
      </pins>
    </libpart>
    <libpart lib="Device" part="D_Zener">
      <description>Zener diode</description>
      <docs>~</docs>
      <footprints>
        <fp>TO-???*</fp>
        <fp>*_Diode_*</fp>
        <fp>*SingleDiode*</fp>
        <fp>D_*</fp>
      </footprints>
      <fields>
        <field name="Reference">D</field>
        <field name="Value">D_Zener</field>
        <field name="Datasheet">~</field>
      </fields>
      <pins>
        <pin num="1" name="K" type="passive"/>
        <pin num="2" name="A" type="passive"/>
      </pins>
    </libpart>
    <libpart lib="Device" part="R">
      <description>Resistor</description>
      <docs>~</docs>
      <footprints>
        <fp>R_*</fp>
      </footprints>
      <fields>
        <field name="Reference">R</field>
        <field name="Value">R</field>
        <field name="Datasheet">~</field>
      </fields>
      <pins>
        <pin num="1" name="" type="passive"/>
        <pin num="2" name="" type="passive"/>
      </pins>
    </libpart>
    <libpart lib="Device" part="R_Potentiometer_Trim_US">
      <description>Trim-potentiometer, US symbol</description>
      <docs>~</docs>
      <footprints>
        <fp>Potentiometer*</fp>
      </footprints>
      <fields>
        <field name="Reference">RV</field>
        <field name="Value">R_Potentiometer_Trim_US</field>
        <field name="Datasheet">~</field>
      </fields>
      <pins>
        <pin num="1" name="1" type="passive"/>
        <pin num="2" name="2" type="passive"/>
        <pin num="3" name="3" type="passive"/>
      </pins>
    </libpart>
    <libpart lib="Device" part="R_Small">
      <description>Resistor, small symbol</description>
      <docs>~</docs>
      <footprints>
        <fp>R_*</fp>
      </footprints>
      <fields>
        <field name="Reference">R</field>
        <field name="Value">R_Small</field>
        <field name="Datasheet">~</field>
      </fields>
      <pins>
        <pin num="1" name="" type="passive"/>
        <pin num="2" name="" type="passive"/>
      </pins>
    </libpart>
    <libpart lib="IVC102" part="IVC102U">
      <footprints>
        <fp>D14</fp>
        <fp>D14-M</fp>
        <fp>D14-L</fp>
      </footprints>
      <fields>
        <field name="Reference">U10</field>
        <field name="Value">IVC102U</field>
        <field name="Footprint">Package_SO:SOIC-14_3.9x8.7mm_P1.27mm</field>
      </fields>
      <pins>
        <pin num="1" name="ANALOGGROUND" type="power_in"/>
        <pin num="2" name="IIN" type="input"/>
        <pin num="3" name="IN-" type="input"/>
        <pin num="4" name="C1" type="passive"/>
        <pin num="5" name="C2" type="passive"/>
        <pin num="6" name="C3" type="passive"/>
        <pin num="7" name="NC" type="passive"/>
        <pin num="8" name="NC" type="passive"/>
        <pin num="9" name="V-" type="power_in"/>
        <pin num="10" name="VO" type="output"/>
        <pin num="11" name="S1" type="passive"/>
        <pin num="12" name="S2" type="passive"/>
        <pin num="13" name="DIGITALGROUND" type="power_in"/>
        <pin num="14" name="V+" type="power_in"/>
      </pins>
    </libpart>
    <libpart lib="Jumper" part="Jumper_3_Open">
      <description>Jumper, 3-pole, both open</description>
      <docs>~</docs>
      <footprints>
        <fp>Jumper*</fp>
        <fp>TestPoint*3Pads*</fp>
        <fp>TestPoint*Bridge*</fp>
      </footprints>
      <fields>
        <field name="Reference">JP</field>
        <field name="Value">Jumper_3_Open</field>
        <field name="Datasheet">~</field>
      </fields>
      <pins>
        <pin num="1" name="A" type="passive"/>
        <pin num="2" name="C" type="passive"/>
        <pin num="3" name="B" type="passive"/>
      </pins>
    </libpart>
    <libpart lib="Mechanical" part="MountingHole">
      <description>Mounting Hole without connection</description>
      <docs>~</docs>
      <footprints>
        <fp>MountingHole*</fp>
      </footprints>
      <fields>
        <field name="Reference">H</field>
        <field name="Value">MountingHole</field>
        <field name="Datasheet">~</field>
      </fields>
    </libpart>
    <libpart lib="Reference_Voltage" part="MAX876">
      <description>10µA Low-Dropout Precision Voltage Reference, SO-8/DIP-8</description>
      <docs>https://pdfserv.maximintegrated.com/en/ds/MAX872-MAX876.pdf</docs>
      <footprints>
        <fp>DIP*W7.62mm*</fp>
        <fp>SOIC*3.9x4.9mm*P1.27mm*</fp>
      </footprints>
      <fields>
        <field name="Reference">U</field>
        <field name="Value">MAX876</field>
        <field name="Datasheet">https://pdfserv.maximintegrated.com/en/ds/MAX872-MAX876.pdf</field>
      </fields>
      <pins>
        <pin num="1" name="IC" type="no_connect"/>
        <pin num="2" name="VIN" type="power_in"/>
        <pin num="3" name="Temper" type="output"/>
        <pin num="4" name="GND" type="power_in"/>
        <pin num="5" name="TRIM" type="input"/>
        <pin num="6" name="Vout" type="power_out"/>
        <pin num="7" name="IC" type="no_connect"/>
        <pin num="8" name="COMP" type="passive"/>
      </pins>
    </libpart>
    <libpart lib="Regulator_Linear" part="TPS7A0531PDBV">
      <description>200-mA Ultra-Low-Iq LDO, 3.1V, SOT-23-5</description>
      <docs>https://www.ti.com/lit/ds/symlink/tps7a05.pdf</docs>
      <footprints>
        <fp>SOT?23*</fp>
      </footprints>
      <fields>
        <field name="Reference">U</field>
        <field name="Value">TPS7A0531PDBV</field>
        <field name="Footprint">Package_TO_SOT_SMD:SOT-23-5</field>
        <field name="Datasheet">https://www.ti.com/lit/ds/symlink/tps7a05.pdf</field>
      </fields>
      <pins>
        <pin num="1" name="IN" type="power_in"/>
        <pin num="2" name="GND" type="power_in"/>
        <pin num="3" name="EN" type="input"/>
        <pin num="4" name="NC" type="no_connect"/>
        <pin num="5" name="OUT" type="power_out"/>
      </pins>
    </libpart>
    <libpart lib="VCA810" part="VCA810ID">
      <footprints>
        <fp>D8</fp>
        <fp>D8-M</fp>
        <fp>D8-L</fp>
      </footprints>
      <fields>
        <field name="Reference">U14</field>
        <field name="Value">VCA810ID</field>
        <field name="Footprint">D8</field>
      </fields>
      <pins>
        <pin num="1" name="+In" type="input"/>
        <pin num="2" name="GND" type="power_in"/>
        <pin num="3" name="GainControl" type="passive"/>
        <pin num="4" name="NC" type="no_connect"/>
        <pin num="5" name="VOUT" type="output"/>
        <pin num="6" name="+VS" type="power_in"/>
        <pin num="7" name="-VS" type="power_in"/>
        <pin num="8" name="-In" type="input"/>
      </pins>
    </libpart>
    <libpart lib="ul_LM79L05ACMX-NOPB" part="LM79L05ACMX{brace}slash}NOPB">
      <footprints>
        <fp>M08A_TEX</fp>
        <fp>M08A_TEX-M</fp>
        <fp>M08A_TEX-L</fp>
      </footprints>
      <fields>
        <field name="Reference">U</field>
        <field name="Value">LM79L05ACMX{brace}slash}NOPB</field>
        <field name="Footprint">M08A_TEX</field>
      </fields>
      <pins>
        <pin num="1" name="OUT" type="power_out"/>
        <pin num="2" name="IN" type="power_in"/>
        <pin num="3" name="IN" type="power_in"/>
        <pin num="4" name="NC" type="no_connect"/>
        <pin num="5" name="GND" type="input"/>
        <pin num="6" name="IN" type="power_in"/>
        <pin num="7" name="IN" type="power_in"/>
        <pin num="8" name="NC" type="no_connect"/>
      </pins>
    </libpart>
  </libparts>
  <libraries>
    <library logical="Amplifier_Difference">
      <uri>/Applications/KiCad/KiCad.app/Contents/SharedSupport/symbols//Amplifier_Difference.kicad_sym</uri>
    </library>
    <library logical="Amplifier_Instrumentation">
      <uri>/Applications/KiCad/KiCad.app/Contents/SharedSupport/symbols//Amplifier_Instrumentation.kicad_sym</uri>
    </library>
    <library logical="Amplifier_Operational">
      <uri>/Applications/KiCad/KiCad.app/Contents/SharedSupport/symbols//Amplifier_Operational.kicad_sym</uri>
    </library>
    <library logical="Connector">
      <uri>/Applications/KiCad/KiCad.app/Contents/SharedSupport/symbols//Connector.kicad_sym</uri>
    </library>
    <library logical="Connector_Generic">
      <uri>/Applications/KiCad/KiCad.app/Contents/SharedSupport/symbols//Connector_Generic.kicad_sym</uri>
    </library>
    <library logical="DG303ACWE_">
      <uri>/Users/darcydu/Downloads/DG303ACWE_/DG303ACWE_.lib</uri>
    </library>
    <library logical="Device">
      <uri>/Applications/KiCad/KiCad.app/Contents/SharedSupport/symbols//Device.kicad_sym</uri>
    </library>
    <library logical="IVC102">
      <uri>/Users/darcydu/Downloads/ul_IVC102U-2K5/KiCAD/2022-09-08_19-11-52/2022-09-08_19-11-52.lib</uri>
    </library>
    <library logical="Jumper">
      <uri>/Applications/KiCad/KiCad.app/Contents/SharedSupport/symbols//Jumper.kicad_sym</uri>
    </library>
    <library logical="Mechanical">
      <uri>/Applications/KiCad/KiCad.app/Contents/SharedSupport/symbols//Mechanical.kicad_sym</uri>
    </library>
    <library logical="Reference_Voltage">
      <uri>/Applications/KiCad/KiCad.app/Contents/SharedSupport/symbols//Reference_Voltage.kicad_sym</uri>
    </library>
    <library logical="Regulator_Linear">
      <uri>/Applications/KiCad/KiCad.app/Contents/SharedSupport/symbols//Regulator_Linear.kicad_sym</uri>
    </library>
    <library logical="VCA810">
      <uri>/Users/darcydu/Downloads/ul_VCA810ID/KiCAD/2022-09-08_19-12-49/2022-09-08_19-12-49.lib</uri>
    </library>
  </libraries>
  <nets>
    <net code="1" name="+5V">
      <node ref="CR2" pin="1" pintype="passive"/>
      <node ref="U12" pin="5" pinfunction="OUT" pintype="power_out"/>
      <node ref="U14" pin="6" pinfunction="+VS" pintype="power_in"/>
    </net>
    <net code="2" name="+15V">
      <node ref="C11" pin="1" pintype="passive"/>
      <node ref="C14" pin="2" pintype="passive"/>
      <node ref="C16" pin="1" pintype="passive"/>
      <node ref="C18" pin="2" pintype="passive"/>
      <node ref="C19" pin="2" pintype="passive"/>
      <node ref="C2" pin="1" pintype="passive"/>
      <node ref="C22" pin="2" pintype="passive"/>
      <node ref="C3" pin="1" pintype="passive"/>
      <node ref="C5" pin="1" pintype="passive"/>
      <node ref="C7" pin="1" pintype="passive"/>
      <node ref="C9" pin="1" pintype="passive"/>
      <node ref="CI2" pin="1" pintype="passive"/>
      <node ref="CINT2" pin="1" pintype="passive"/>
      <node ref="CR1" pin="1" pintype="passive"/>
      <node ref="CS2" pin="1" pintype="passive"/>
      <node ref="C_REF1" pin="1" pintype="passive"/>
      <node ref="J1" pin="1" pinfunction="Pin_1" pintype="passive"/>
      <node ref="U1" pin="8" pinfunction="Vs+" pintype="power_in"/>
      <node ref="U10" pin="14" pinfunction="V+" pintype="power_in"/>
      <node ref="U11" pin="7" pinfunction="V+" pintype="power_in"/>
      <node ref="U12" pin="1" pinfunction="IN" pintype="power_in"/>
      <node ref="U12" pin="3" pinfunction="EN" pintype="input"/>
      <node ref="U13" pin="7" pinfunction="V+" pintype="power_in"/>
      <node ref="U15" pin="7" pinfunction="V+" pintype="power_in"/>
      <node ref="U17" pin="7" pinfunction="V+" pintype="power_in"/>
      <node ref="U2" pin="7" pinfunction="V+" pintype="power_in"/>
      <node ref="U3" pin="2" pinfunction="VIN" pintype="power_in"/>
      <node ref="U4" pin="7" pinfunction="V+" pintype="power_in"/>
      <node ref="U5" pin="7" pinfunction="V+" pintype="power_in"/>
      <node ref="U6" pin="16" pinfunction="V+" pintype="input"/>
      <node ref="U7" pin="7" pinfunction="V+" pintype="power_in"/>
      <node ref="U8" pin="7" pinfunction="V+" pintype="power_in"/>
      <node ref="U9" pin="7" pinfunction="V+" pintype="power_in"/>
    </net>
    <net code="3" name="-5V">
      <node ref="CR3" pin="1" pintype="passive"/>
      <node ref="U14" pin="7" pinfunction="-VS" pintype="power_in"/>
      <node ref="U16" pin="1" pinfunction="OUT" pintype="power_out"/>
    </net>
    <net code="4" name="-15V">
      <node ref="C1" pin="2" pintype="passive"/>
      <node ref="C10" pin="1" pintype="passive"/>
      <node ref="C12" pin="1" pintype="passive"/>
      <node ref="C13" pin="1" pintype="passive"/>
      <node ref="C15" pin="1" pintype="passive"/>
      <node ref="C20" pin="1" pintype="passive"/>
      <node ref="C21" pin="1" pintype="passive"/>
      <node ref="C23" pin="1" pintype="passive"/>
      <node ref="C4" pin="1" pintype="passive"/>
      <node ref="C6" pin="1" pintype="passive"/>
      <node ref="C8" pin="1" pintype="passive"/>
      <node ref="CI1" pin="1" pintype="passive"/>
      <node ref="CINT1" pin="1" pintype="passive"/>
      <node ref="CR4" pin="1" pintype="passive"/>
      <node ref="CS1" pin="1" pintype="passive"/>
      <node ref="J1" pin="3" pinfunction="Pin_3" pintype="passive"/>
      <node ref="U1" pin="5" pinfunction="Vs-" pintype="power_in"/>
      <node ref="U10" pin="9" pinfunction="V-" pintype="power_in"/>
      <node ref="U11" pin="4" pinfunction="V-" pintype="power_in"/>
      <node ref="U13" pin="4" pinfunction="V-" pintype="power_in"/>
      <node ref="U15" pin="4" pinfunction="V-" pintype="power_in"/>
      <node ref="U16" pin="2" pinfunction="IN" pintype="power_in"/>
      <node ref="U16" pin="3" pinfunction="IN" pintype="power_in"/>
      <node ref="U16" pin="6" pinfunction="IN" pintype="power_in"/>
      <node ref="U16" pin="7" pinfunction="IN" pintype="power_in"/>
      <node ref="U17" pin="4" pinfunction="V-" pintype="power_in"/>
      <node ref="U2" pin="4" pinfunction="V-" pintype="power_in"/>
      <node ref="U4" pin="4" pinfunction="V-" pintype="power_in"/>
      <node ref="U5" pin="4" pinfunction="V-" pintype="power_in"/>
      <node ref="U6" pin="10" pinfunction="V-" pintype="input"/>
      <node ref="U7" pin="4" pinfunction="V-" pintype="power_in"/>
      <node ref="U8" pin="4" pinfunction="V-" pintype="power_in"/>
      <node ref="U9" pin="4" pinfunction="V-" pintype="power_in"/>
    </net>
    <net code="5" name="/Dig1">
      <node ref="J4" pin="1" pinfunction="Pin_1" pintype="passive"/>
      <node ref="U6" pin="6" pinfunction="IN1" pintype="input"/>
    </net>
    <net code="6" name="/Dig2">
      <node ref="J4" pin="3" pinfunction="Pin_3" pintype="passive"/>
      <node ref="U6" pin="11" pinfunction="IN2" pintype="input"/>
    </net>
    <net code="7" name="/Dig3">
      <node ref="J4" pin="5" pinfunction="Pin_5" pintype="passive"/>
      <node ref="U10" pin="11" pinfunction="S1" pintype="passive"/>
    </net>
    <net code="8" name="/Dig4">
      <node ref="J4" pin="7" pinfunction="Pin_7" pintype="passive"/>
      <node ref="U10" pin="12" pinfunction="S2" pintype="passive"/>
    </net>
    <net code="9" name="/ErrorSignal">
      <node ref="R5" pin="2" pintype="passive"/>
      <node ref="R9" pin="2" pintype="passive"/>
      <node ref="U13" pin="2" pinfunction="-" pintype="input"/>
      <node ref="U13" pin="6" pintype="output"/>
      <node ref="U4" pin="3" pinfunction="+" pintype="input"/>
    </net>
    <net code="10" name="/Err{slash}Gnd">
      <node ref="R16" pin="1" pintype="passive"/>
      <node ref="U13" pin="3" pinfunction="+" pintype="input"/>
      <node ref="U6" pin="13" pinfunction="D2" pintype="bidirectional"/>
      <node ref="U6" pin="14" pinfunction="D4" pintype="bidirectional"/>
    </net>
    <net code="11" name="/GC">
      <node ref="U14" pin="3" pinfunction="GainControl" pintype="passive"/>
      <node ref="U17" pin="5" pinfunction="SENSE" pintype="passive"/>
      <node ref="U17" pin="6" pintype="output"/>
    </net>
    <net code="12" name="/V_int">
      <node ref="C17" pin="1" pintype="passive"/>
      <node ref="J6" pin="1" pinfunction="Pin_1" pintype="passive"/>
      <node ref="R8" pin="2" pintype="passive"/>
      <node ref="U10" pin="10" pinfunction="VO" pintype="output"/>
    </net>
    <net code="13" name="GND">
      <node ref="C1" pin="1" pintype="passive"/>
      <node ref="C10" pin="2" pintype="passive"/>
      <node ref="C11" pin="2" pintype="passive"/>
      <node ref="C12" pin="2" pintype="passive"/>
      <node ref="C13" pin="2" pintype="passive"/>
      <node ref="C14" pin="1" pintype="passive"/>
      <node ref="C15" pin="2" pintype="passive"/>
      <node ref="C16" pin="2" pintype="passive"/>
      <node ref="C18" pin="1" pintype="passive"/>
      <node ref="C19" pin="1" pintype="passive"/>
      <node ref="C2" pin="2" pintype="passive"/>
      <node ref="C20" pin="2" pintype="passive"/>
      <node ref="C21" pin="2" pintype="passive"/>
      <node ref="C22" pin="1" pintype="passive"/>
      <node ref="C23" pin="2" pintype="passive"/>
      <node ref="C3" pin="2" pintype="passive"/>
      <node ref="C4" pin="2" pintype="passive"/>
      <node ref="C5" pin="2" pintype="passive"/>
      <node ref="C6" pin="2" pintype="passive"/>
      <node ref="C7" pin="2" pintype="passive"/>
      <node ref="C8" pin="2" pintype="passive"/>
      <node ref="C9" pin="2" pintype="passive"/>
      <node ref="CI1" pin="2" pintype="passive"/>
      <node ref="CI2" pin="2" pintype="passive"/>
      <node ref="CINT1" pin="2" pintype="passive"/>
      <node ref="CINT2" pin="2" pintype="passive"/>
      <node ref="CR1" pin="2" pintype="passive"/>
      <node ref="CR2" pin="2" pintype="passive"/>
      <node ref="CR3" pin="2" pintype="passive"/>
      <node ref="CR4" pin="2" pintype="passive"/>
      <node ref="CS1" pin="2" pintype="passive"/>
      <node ref="CS2" pin="2" pintype="passive"/>
      <node ref="C_REF1" pin="2" pintype="passive"/>
      <node ref="D2" pin="1" pinfunction="K" pintype="passive"/>
      <node ref="J1" pin="2" pinfunction="Pin_2" pintype="passive"/>
      <node ref="J11" pin="1" pinfunction="Pin_1" pintype="passive"/>
      <node ref="J4" pin="2" pinfunction="Pin_2" pintype="passive"/>
      <node ref="J4" pin="4" pinfunction="Pin_4" pintype="passive"/>
      <node ref="J4" pin="6" pinfunction="Pin_6" pintype="passive"/>
      <node ref="J4" pin="8" pinfunction="Pin_8" pintype="passive"/>
      <node ref="J5" pin="3" pinfunction="Pin_3" pintype="passive"/>
      <node ref="J7" pin="3" pinfunction="Pin_3" pintype="passive"/>
      <node ref="R15" pin="1" pintype="passive"/>
      <node ref="R2" pin="1" pintype="passive"/>
      <node ref="U1" pin="6" pinfunction="Ref" pintype="passive"/>
      <node ref="U10" pin="1" pinfunction="ANALOGGROUND" pintype="power_in"/>
      <node ref="U10" pin="13" pinfunction="DIGITALGROUND" pintype="power_in"/>
      <node ref="U10" pin="7" pinfunction="NC" pintype="passive"/>
      <node ref="U10" pin="8" pinfunction="NC" pintype="passive"/>
      <node ref="U11" pin="3" pinfunction="+" pintype="input"/>
      <node ref="U12" pin="2" pinfunction="GND" pintype="power_in"/>
      <node ref="U14" pin="2" pinfunction="GND" pintype="power_in"/>
      <node ref="U14" pin="8" pinfunction="-In" pintype="input"/>
      <node ref="U16" pin="5" pinfunction="GND" pintype="input"/>
      <node ref="U17" pin="1" pinfunction="REF" pintype="passive"/>
      <node ref="U3" pin="4" pinfunction="GND" pintype="power_in"/>
      <node ref="U6" pin="15" pinfunction="S4" pintype="bidirectional"/>
      <node ref="U6" pin="7" pinfunction="GND" pintype="power_in"/>
      <node ref="U9" pin="3" pinfunction="+" pintype="input"/>
    </net>
    <net code="14" name="Net-(C17-Pad2)">
      <node ref="C17" pin="2" pintype="passive"/>
      <node ref="U10" pin="3" pinfunction="IN-" pintype="input"/>
      <node ref="U10" pin="4" pinfunction="C1" pintype="passive"/>
      <node ref="U10" pin="5" pinfunction="C2" pintype="passive"/>
      <node ref="U10" pin="6" pinfunction="C3" pintype="passive"/>
    </net>
    <net code="15" name="Net-(D1-Pad1)">
      <node ref="D1" pin="1" pinfunction="K" pintype="passive"/>
      <node ref="R14" pin="1" pintype="passive"/>
      <node ref="U15" pin="3" pinfunction="+" pintype="input"/>
    </net>
    <net code="16" name="Net-(D1-Pad2)">
      <node ref="D1" pin="2" pinfunction="A" pintype="passive"/>
      <node ref="D2" pin="2" pinfunction="A" pintype="passive"/>
    </net>
    <net code="17" name="Net-(J2-Pad1)">
      <node ref="J2" pin="1" pinfunction="Pin_1" pintype="passive"/>
      <node ref="U1" pin="4" pinfunction="+" pintype="input"/>
    </net>
    <net code="18" name="Net-(J2-Pad2)">
      <node ref="J2" pin="2" pinfunction="Pin_2" pintype="passive"/>
      <node ref="U1" pin="1" pinfunction="-" pintype="input"/>
    </net>
    <net code="19" name="Net-(J3-Pad1)">
      <node ref="J3" pin="1" pinfunction="Pin_1" pintype="passive"/>
      <node ref="U17" pin="3" pinfunction="+" pintype="passive"/>
    </net>
    <net code="20" name="Net-(J3-Pad2)">
      <node ref="J3" pin="2" pinfunction="Pin_2" pintype="passive"/>
      <node ref="U17" pin="2" pinfunction="-" pintype="passive"/>
    </net>
    <net code="21" name="Net-(J5-Pad1)">
      <node ref="J5" pin="1" pinfunction="Pin_1" pintype="passive"/>
      <node ref="J7" pin="1" pinfunction="Pin_1" pintype="passive"/>
      <node ref="U3" pin="6" pinfunction="Vout" pintype="power_out"/>
    </net>
    <net code="22" name="Net-(J5-Pad2)">
      <node ref="J5" pin="2" pinfunction="Pin_2" pintype="passive"/>
      <node ref="U2" pin="3" pinfunction="+" pintype="input"/>
    </net>
    <net code="23" name="Net-(J6-Pad2)">
      <node ref="J6" pin="2" pinfunction="Pin_2" pintype="passive"/>
      <node ref="U4" pin="2" pinfunction="-" pintype="input"/>
      <node ref="U4" pin="6" pintype="output"/>
    </net>
    <net code="24" name="Net-(J7-Pad2)">
      <node ref="J7" pin="2" pinfunction="Pin_2" pintype="passive"/>
      <node ref="U5" pin="3" pinfunction="+" pintype="input"/>
    </net>
    <net code="25" name="Net-(J11-Pad2)">
      <node ref="J11" pin="2" pinfunction="Pin_2" pintype="passive"/>
      <node ref="R11" pin="2" pintype="passive"/>
      <node ref="R12" pin="1" pintype="passive"/>
    </net>
    <net code="26" name="Net-(R1-Pad1)">
      <node ref="R1" pin="1" pintype="passive"/>
      <node ref="R3" pin="2" pintype="passive"/>
      <node ref="U7" pin="2" pinfunction="-" pintype="input"/>
    </net>
    <net code="27" name="Net-(R1-Pad2)">
      <node ref="R1" pin="2" pintype="passive"/>
      <node ref="U1" pin="7" pintype="output"/>
    </net>
    <net code="28" name="Net-(R2-Pad2)">
      <node ref="R2" pin="2" pintype="passive"/>
      <node ref="R4" pin="1" pintype="passive"/>
      <node ref="U7" pin="3" pinfunction="+" pintype="input"/>
    </net>
    <net code="29" name="Net-(R4-Pad2)">
      <node ref="R4" pin="2" pintype="passive"/>
      <node ref="U6" pin="3" pinfunction="D3" pintype="bidirectional"/>
      <node ref="U6" pin="4" pinfunction="D1" pintype="bidirectional"/>
    </net>
    <net code="30" name="Net-(R5-Pad1)">
      <node ref="R5" pin="1" pintype="passive"/>
      <node ref="R6" pin="2" pintype="passive"/>
      <node ref="U9" pin="2" pinfunction="-" pintype="input"/>
    </net>
    <net code="31" name="Net-(R6-Pad1)">
      <node ref="R6" pin="1" pintype="passive"/>
      <node ref="RV1" pin="1" pinfunction="1" pintype="passive"/>
    </net>
    <net code="32" name="Net-(R7-Pad2)">
      <node ref="R7" pin="2" pintype="passive"/>
      <node ref="RV1" pin="2" pinfunction="2" pintype="passive"/>
      <node ref="U9" pin="6" pintype="output"/>
    </net>
    <net code="33" name="Net-(R9-Pad1)">
      <node ref="R9" pin="1" pintype="passive"/>
      <node ref="RV2" pin="3" pinfunction="3" pintype="passive"/>
    </net>
    <net code="34" name="Net-(R10-Pad1)">
      <node ref="R10" pin="1" pintype="passive"/>
      <node ref="U11" pin="6" pintype="output"/>
      <node ref="U14" pin="1" pinfunction="+In" pintype="input"/>
      <node ref="W1" pin="1" pinfunction="A" pintype="passive"/>
    </net>
    <net code="35" name="Net-(R10-Pad2)">
      <node ref="R10" pin="2" pintype="passive"/>
      <node ref="R7" pin="1" pintype="passive"/>
      <node ref="R8" pin="1" pintype="passive"/>
      <node ref="U11" pin="2" pinfunction="-" pintype="input"/>
    </net>
    <net code="36" name="Net-(R11-Pad1)">
      <node ref="R11" pin="1" pintype="passive"/>
      <node ref="U8" pin="3" pinfunction="+" pintype="input"/>
      <node ref="W1" pin="2" pinfunction="C" pintype="passive"/>
    </net>
    <net code="37" name="Net-(R12-Pad2)">
      <node ref="R12" pin="2" pintype="passive"/>
      <node ref="U15" pin="2" pinfunction="-" pintype="input"/>
      <node ref="U15" pin="6" pintype="output"/>
    </net>
    <net code="38" name="Net-(R13-Pad1)">
      <node ref="R13" pin="1" pintype="passive"/>
      <node ref="U1" pin="2" pinfunction="Rg" pintype="passive"/>
    </net>
    <net code="39" name="Net-(R13-Pad2)">
      <node ref="R13" pin="2" pintype="passive"/>
      <node ref="U1" pin="3" pinfunction="Rg" pintype="passive"/>
    </net>
    <net code="40" name="Net-(R14-Pad2)">
      <node ref="R14" pin="2" pintype="passive"/>
      <node ref="U8" pin="2" pinfunction="-" pintype="input"/>
      <node ref="U8" pin="6" pintype="output"/>
    </net>
    <net code="41" name="Net-(R15-Pad2)">
      <node ref="R15" pin="2" pintype="passive"/>
      <node ref="U6" pin="12" pinfunction="S2" pintype="passive"/>
    </net>
    <net code="42" name="Net-(R16-Pad2)">
      <node ref="R16" pin="2" pintype="passive"/>
      <node ref="R3" pin="1" pintype="passive"/>
      <node ref="U7" pin="6" pintype="output"/>
    </net>
    <net code="43" name="Net-(RV2-Pad2)">
      <node ref="RV2" pin="2" pinfunction="2" pintype="passive"/>
      <node ref="U10" pin="2" pinfunction="IIN" pintype="input"/>
    </net>
    <net code="44" name="Net-(U2-Pad2)">
      <node ref="U2" pin="2" pinfunction="-" pintype="input"/>
      <node ref="U2" pin="6" pintype="output"/>
      <node ref="U6" pin="5" pinfunction="S1" pintype="bidirectional"/>
    </net>
    <net code="45" name="Net-(U5-Pad2)">
      <node ref="U5" pin="2" pinfunction="-" pintype="input"/>
      <node ref="U5" pin="6" pintype="output"/>
      <node ref="U6" pin="2" pinfunction="S3" pintype="bidirectional"/>
    </net>
    <net code="46" name="Net-(U14-Pad5)">
      <node ref="U14" pin="5" pinfunction="VOUT" pintype="output"/>
      <node ref="W1" pin="3" pinfunction="B" pintype="passive"/>
    </net>
    <net code="47" name="unconnected-(RV1-Pad3)">
      <node ref="RV1" pin="3" pinfunction="3" pintype="passive+no_connect"/>
    </net>
    <net code="48" name="unconnected-(RV2-Pad1)">
      <node ref="RV2" pin="1" pinfunction="1" pintype="passive+no_connect"/>
    </net>
    <net code="49" name="unconnected-(U2-Pad1)">
      <node ref="U2" pin="1" pinfunction="NULL" pintype="input+no_connect"/>
    </net>
    <net code="50" name="unconnected-(U2-Pad5)">
      <node ref="U2" pin="5" pinfunction="NULL" pintype="input+no_connect"/>
    </net>
    <net code="51" name="unconnected-(U2-Pad8)">
      <node ref="U2" pin="8" pinfunction="NC" pintype="no_connect"/>
    </net>
    <net code="52" name="unconnected-(U3-Pad1)">
      <node ref="U3" pin="1" pinfunction="IC" pintype="no_connect"/>
    </net>
    <net code="53" name="unconnected-(U3-Pad3)">
      <node ref="U3" pin="3" pinfunction="Temper" pintype="output+no_connect"/>
    </net>
    <net code="54" name="unconnected-(U3-Pad5)">
      <node ref="U3" pin="5" pinfunction="TRIM" pintype="input+no_connect"/>
    </net>
    <net code="55" name="unconnected-(U3-Pad7)">
      <node ref="U3" pin="7" pinfunction="IC" pintype="no_connect"/>
    </net>
    <net code="56" name="unconnected-(U3-Pad8)">
      <node ref="U3" pin="8" pinfunction="COMP" pintype="passive+no_connect"/>
    </net>
    <net code="57" name="unconnected-(U4-Pad1)">
      <node ref="U4" pin="1" pinfunction="NULL" pintype="input+no_connect"/>
    </net>
    <net code="58" name="unconnected-(U4-Pad5)">
      <node ref="U4" pin="5" pinfunction="NULL" pintype="input+no_connect"/>
    </net>
    <net code="59" name="unconnected-(U4-Pad8)">
      <node ref="U4" pin="8" pinfunction="NC" pintype="no_connect"/>
    </net>
    <net code="60" name="unconnected-(U5-Pad1)">
      <node ref="U5" pin="1" pinfunction="NULL" pintype="input+no_connect"/>
    </net>
    <net code="61" name="unconnected-(U5-Pad5)">
      <node ref="U5" pin="5" pinfunction="NULL" pintype="input+no_connect"/>
    </net>
    <net code="62" name="unconnected-(U5-Pad8)">
      <node ref="U5" pin="8" pinfunction="NC" pintype="no_connect"/>
    </net>
    <net code="63" name="unconnected-(U6-Pad1)">
      <node ref="U6" pin="1" pinfunction="NC" pintype="no_connect"/>
    </net>
    <net code="64" name="unconnected-(U6-Pad8)">
      <node ref="U6" pin="8" pinfunction="NC" pintype="no_connect"/>
    </net>
    <net code="65" name="unconnected-(U6-Pad9)">
      <node ref="U6" pin="9" pinfunction="NC" pintype="no_connect"/>
    </net>
    <net code="66" name="unconnected-(U7-Pad1)">
      <node ref="U7" pin="1" pinfunction="NC" pintype="no_connect"/>
    </net>
    <net code="67" name="unconnected-(U7-Pad5)">
      <node ref="U7" pin="5" pinfunction="NC" pintype="no_connect"/>
    </net>
    <net code="68" name="unconnected-(U7-Pad8)">
      <node ref="U7" pin="8" pinfunction="NC" pintype="no_connect"/>
    </net>
    <net code="69" name="unconnected-(U8-Pad1)">
      <node ref="U8" pin="1" pinfunction="NC" pintype="no_connect"/>
    </net>
    <net code="70" name="unconnected-(U8-Pad5)">
      <node ref="U8" pin="5" pinfunction="NC" pintype="no_connect"/>
    </net>
    <net code="71" name="unconnected-(U8-Pad8)">
      <node ref="U8" pin="8" pinfunction="NC" pintype="no_connect"/>
    </net>
    <net code="72" name="unconnected-(U9-Pad1)">
      <node ref="U9" pin="1" pinfunction="NC" pintype="no_connect"/>
    </net>
    <net code="73" name="unconnected-(U9-Pad5)">
      <node ref="U9" pin="5" pinfunction="NC" pintype="no_connect"/>
    </net>
    <net code="74" name="unconnected-(U9-Pad8)">
      <node ref="U9" pin="8" pinfunction="NC" pintype="no_connect"/>
    </net>
    <net code="75" name="unconnected-(U11-Pad1)">
      <node ref="U11" pin="1" pinfunction="NC" pintype="no_connect"/>
    </net>
    <net code="76" name="unconnected-(U11-Pad5)">
      <node ref="U11" pin="5" pinfunction="NC" pintype="no_connect"/>
    </net>
    <net code="77" name="unconnected-(U11-Pad8)">
      <node ref="U11" pin="8" pinfunction="NC" pintype="no_connect"/>
    </net>
    <net code="78" name="unconnected-(U12-Pad4)">
      <node ref="U12" pin="4" pinfunction="NC" pintype="no_connect"/>
    </net>
    <net code="79" name="unconnected-(U13-Pad1)">
      <node ref="U13" pin="1" pinfunction="NC" pintype="no_connect"/>
    </net>
    <net code="80" name="unconnected-(U13-Pad5)">
      <node ref="U13" pin="5" pinfunction="NC" pintype="no_connect"/>
    </net>
    <net code="81" name="unconnected-(U13-Pad8)">
      <node ref="U13" pin="8" pinfunction="NC" pintype="no_connect"/>
    </net>
    <net code="82" name="unconnected-(U14-Pad4)">
      <node ref="U14" pin="4" pinfunction="NC" pintype="no_connect"/>
    </net>
    <net code="83" name="unconnected-(U15-Pad1)">
      <node ref="U15" pin="1" pinfunction="NC" pintype="no_connect"/>
    </net>
    <net code="84" name="unconnected-(U15-Pad5)">
      <node ref="U15" pin="5" pinfunction="NC" pintype="no_connect"/>
    </net>
    <net code="85" name="unconnected-(U15-Pad8)">
      <node ref="U15" pin="8" pinfunction="NC" pintype="no_connect"/>
    </net>
    <net code="86" name="unconnected-(U16-Pad4)">
      <node ref="U16" pin="4" pinfunction="NC" pintype="no_connect"/>
    </net>
    <net code="87" name="unconnected-(U16-Pad8)">
      <node ref="U16" pin="8" pinfunction="NC" pintype="no_connect"/>
    </net>
    <net code="88" name="unconnected-(U17-Pad8)">
      <node ref="U17" pin="8" pintype="no_connect"/>
    </net>
  </nets>
</export>
