"Source:","/Users/darcydu/Desktop/Lab_Data/CurrentStabilization/CurrentStabilization/CurrentStabilization.kicad_sch"
"Date:","Thursday, March 06, 2025 at 10:59:23 AM"
"Tool:","Eeschema (6.0.7-1)-1"
"Generator:","/Applications/KiCad/KiCad.app/Contents/SharedSupport/plugins/bom_csv_grouped_by_value_with_fp.py"
"Component Count:","105"
"Ref","Qnty","Value","Cmp name","Footprint","Description","Vendor"
"C1, C3, C5, C6, C15, C16, C17, C18, C19, C20, C21, C22, C23, C24, C25, C26, C27, C28, C29, C30, C31, C32, C33, C34, C35, C36, C37, C38, C39, C40, C41, C42, ","32","100nF","C_Small","Capacitor_SMD:C_1206_3216Metric","Unpolarized capacitor, small symbol",""
"C2, C4, ","2","10µF","C","Capacitor_SMD:C_1206_3216Metric","Unpolarized capacitor",""
"C7, C8, ","2","100uF","C_Small","Capacitor_SMD:C_1210_3225Metric","Unpolarized capacitor, small symbol",""
"C9, C10, ","2","220uF","C_Polarized_Small_US","Capacitor_Tantalum_SMD:CP_EIA-7343-43_Kemet-X","Polarized capacitor, small US symbol",""
"C11, C14, ","2","1uF","C","Capacitor_SMD:C_1206_3216Metric","Unpolarized capacitor",""
"C12, C13, ","2","6.8 nF","C_Small","Capacitor_SMD:C_1206_3216Metric","Unpolarized capacitor, small symbol",""
"C_REF1, ","1","100nF","C_Small","Capacitor_SMD:C_1206_3216Metric","Unpolarized capacitor, small symbol",""
"C_REF2, ","1","1uF","C_Small","Capacitor_SMD:C_1206_3216Metric","Unpolarized capacitor, small symbol",""
"H1, H2, H3, H4, ","4","MountingHole","MountingHole","MountingHole:MountingHole_4mm","Mounting Hole without connection",""
"J1, J3, J8, J9, J10, J11, ","6","Screw_Terminal_01x02","Screw_Terminal_01x02","TerminalBlock_TE-Connectivity:TerminalBlock_TE_282834-2_1x02_P2.54mm_Horizontal","Generic screw terminal, single row, 01x02, script generated (kicad-library-utils/schlib/autogen/connector/)",""
"J2, ","1","Power x3","Conn_01x03_Male","TerminalBlock_TE-Connectivity:TerminalBlock_TE_282834-3_1x03_P2.54mm_Horizontal","Generic connector, single row, 01x03, script generated (kicad-library-utils/schlib/autogen/connector/)",""
"J4, ","1","VR Temp Mon.","Conn_01x02","TerminalBlock_TE-Connectivity:TerminalBlock_TE_282834-2_1x02_P2.54mm_Horizontal","Generic connector, single row, 01x02, script generated (kicad-library-utils/schlib/autogen/connector/)",""
"J5, J6, ","2","Screw_Terminal_01x04","Screw_Terminal_01x04","TerminalBlock_TE-Connectivity:TerminalBlock_TE_282834-4_1x04_P2.54mm_Horizontal","Generic screw terminal, single row, 01x04, script generated (kicad-library-utils/schlib/autogen/connector/)",""
"J7, ","1","Screw_Terminal_01x06","Screw_Terminal_01x06","TerminalBlock_TE-Connectivity:TerminalBlock_TE_282834-6_1x06_P2.54mm_Horizontal","Generic screw terminal, single row, 01x06, script generated (kicad-library-utils/schlib/autogen/connector/)",""
"R1, R2, R11, R12, ","4","2k","R","Resistor_SMD:R_1206_3216Metric","Resistor",""
"R3, R14, ","2","50k","R","Resistor_SMD:R_1206_3216Metric","Resistor",""
"R4, R5, R6, R7, R9, R10, ","6","20k","R","Resistor_SMD:R_1206_3216Metric","Resistor",""
"R8, ","1","2.2k","R","Resistor_SMD:R_1206_3216Metric","Resistor",""
"R13, ","1","500","R","Resistor_SMD:R_1206_3216Metric","Resistor",""
"R15, R16, ","2","1k","R","Resistor_SMD:R_1206_3216Metric","Resistor",""
"RV1, RV2, RV3, RV4, RV5, RV6, RV7, RV8, ","8","R_Potentiometer_Small","R_Potentiometer_Small","Potentiometer_SMD:Potentiometer_Bourns_3214X_Vertical","Potentiometer",""
"U1, U2, U18, U19, ","4","AMP03GSZ","AMP03GSZ","AMP03GSZ:AMP03GSZ","",""
"U3, U4, U6, U7, U8, U10, U12, U15, ","8","OPA2189IDR","OPA2189IDR","OPA2189:D0008A_N","",""
"U5, ","1","REF102CU","REF102CU","Package_SO:SOIC-8_3.9x4.9mm_P1.27mm","10V ±2.5mV Precision Voltage Reference, SO-8",""
"U9, U11, U20, U21, ","4","DG419CY+","DG419CY+","DG419CY+:dg419cy&plus_","",""
"U13, U14, ","2","IVC102U","IVC102U","Package_SO:SOIC-14_3.9x8.7mm_P1.27mm","",""
"U16, ","1","LDK320M50R","TPS7A0531PDBV","Package_TO_SOT_SMD:SOT-23-5","200-mA Ultra-Low-Iq LDO, 3.1V, SOT-23-5",""
"U17, ","1","ISO7730DWR","ISO7730DWR","ISO7730:DW0016B_N","",""
"U22, ","1","OPA2189IDR","OPA2189IDR","D0008A_N","",""
