<?xml version="1.0" encoding="UTF-8"?>
<export version="E">
  <design>
    <source>/Users/darcydu/Desktop/Lab_Data/CurrentStabilization/CurrentStabilization/CurrentStabilization.kicad_sch</source>
    <date>Thursday, March 06, 2025 at 10:59:23 AM</date>
    <tool>Eeschema (6.0.7-1)-1</tool>
    <sheet number="1" name="/" tstamps="/">
      <title_block>
        <title/>
        <company/>
        <rev/>
        <date/>
        <source>CurrentStabilization.kicad_sch</source>
        <comment number="1" value=""/>
        <comment number="2" value=""/>
        <comment number="3" value=""/>
        <comment number="4" value=""/>
        <comment number="5" value=""/>
        <comment number="6" value=""/>
        <comment number="7" value=""/>
        <comment number="8" value=""/>
        <comment number="9" value=""/>
      </title_block>
    </sheet>
  </design>
  <components>
    <comp ref="C1">
      <value>100nF</value>
      <footprint>Capacitor_SMD:C_1206_3216Metric</footprint>
      <libsource lib="Device" part="C_Small" description="Unpolarized capacitor, small symbol"/>
      <property name="Sheetname" value=""/>
      <property name="Sheetfile" value="CurrentStabilization.kicad_sch"/>
      <sheetpath names="/" tstamps="/"/>
      <tstamps>671211b9-60c7-457c-a6f7-00ad71d33266</tstamps>
    </comp>
    <comp ref="C2">
      <value>10µF</value>
      <footprint>Capacitor_SMD:C_1206_3216Metric</footprint>
      <libsource lib="Device" part="C" description="Unpolarized capacitor"/>
      <property name="Sheetname" value=""/>
      <property name="Sheetfile" value="CurrentStabilization.kicad_sch"/>
      <sheetpath names="/" tstamps="/"/>
      <tstamps>d721a88c-8636-425a-b9b6-2036885c5835</tstamps>
    </comp>
    <comp ref="C3">
      <value>100nF</value>
      <footprint>Capacitor_SMD:C_1206_3216Metric</footprint>
      <libsource lib="Device" part="C_Small" description="Unpolarized capacitor, small symbol"/>
      <property name="Sheetname" value=""/>
      <property name="Sheetfile" value="CurrentStabilization.kicad_sch"/>
      <sheetpath names="/" tstamps="/"/>
      <tstamps>34a3cde7-7a6f-4137-8c9e-e08370b011c7</tstamps>
    </comp>
    <comp ref="C4">
      <value>10µF</value>
      <footprint>Capacitor_SMD:C_1206_3216Metric</footprint>
      <libsource lib="Device" part="C" description="Unpolarized capacitor"/>
      <property name="Sheetname" value=""/>
      <property name="Sheetfile" value="CurrentStabilization.kicad_sch"/>
      <sheetpath names="/" tstamps="/"/>
      <tstamps>cd890b1c-24d0-4758-9bbd-9aa54b9feaaa</tstamps>
    </comp>
    <comp ref="C5">
      <value>100nF</value>
      <footprint>Capacitor_SMD:C_1206_3216Metric</footprint>
      <libsource lib="Device" part="C_Small" description="Unpolarized capacitor, small symbol"/>
      <property name="Sheetname" value=""/>
      <property name="Sheetfile" value="CurrentStabilization.kicad_sch"/>
      <sheetpath names="/" tstamps="/"/>
      <tstamps>031e8f40-3ed6-464b-bf06-5743aec76fde</tstamps>
    </comp>
    <comp ref="C6">
      <value>100nF</value>
      <footprint>Capacitor_SMD:C_1206_3216Metric</footprint>
      <libsource lib="Device" part="C_Small" description="Unpolarized capacitor, small symbol"/>
      <property name="Sheetname" value=""/>
      <property name="Sheetfile" value="CurrentStabilization.kicad_sch"/>
      <sheetpath names="/" tstamps="/"/>
      <tstamps>b28bd66c-0af5-47f8-b0cf-b15d00ae34e6</tstamps>
    </comp>
    <comp ref="C7">
      <value>100uF</value>
      <footprint>Capacitor_SMD:C_1210_3225Metric</footprint>
      <libsource lib="Device" part="C_Small" description="Unpolarized capacitor, small symbol"/>
      <property name="Sheetname" value=""/>
      <property name="Sheetfile" value="CurrentStabilization.kicad_sch"/>
      <sheetpath names="/" tstamps="/"/>
      <tstamps>af620562-bfeb-43bd-a7a3-ed12f816899a</tstamps>
    </comp>
    <comp ref="C8">
      <value>100uF</value>
      <footprint>Capacitor_SMD:C_1210_3225Metric</footprint>
      <libsource lib="Device" part="C_Small" description="Unpolarized capacitor, small symbol"/>
      <property name="Sheetname" value=""/>
      <property name="Sheetfile" value="CurrentStabilization.kicad_sch"/>
      <sheetpath names="/" tstamps="/"/>
      <tstamps>992e7a65-cf2e-49b8-9241-2a104f925a8c</tstamps>
    </comp>
    <comp ref="C9">
      <value>220uF</value>
      <footprint>Capacitor_Tantalum_SMD:CP_EIA-7343-43_Kemet-X</footprint>
      <libsource lib="Device" part="C_Polarized_Small_US" description="Polarized capacitor, small US symbol"/>
      <property name="Sheetname" value=""/>
      <property name="Sheetfile" value="CurrentStabilization.kicad_sch"/>
      <sheetpath names="/" tstamps="/"/>
      <tstamps>5177ea80-7005-4340-a87b-5832f21bb12e</tstamps>
    </comp>
    <comp ref="C10">
      <value>220uF</value>
      <footprint>Capacitor_Tantalum_SMD:CP_EIA-7343-43_Kemet-X</footprint>
      <libsource lib="Device" part="C_Polarized_Small_US" description="Polarized capacitor, small US symbol"/>
      <property name="Sheetname" value=""/>
      <property name="Sheetfile" value="CurrentStabilization.kicad_sch"/>
      <sheetpath names="/" tstamps="/"/>
      <tstamps>7143bc42-18cb-46b2-bd23-eafca707e793</tstamps>
    </comp>
    <comp ref="C11">
      <value>1uF</value>
      <footprint>Capacitor_SMD:C_1206_3216Metric</footprint>
      <libsource lib="Device" part="C" description="Unpolarized capacitor"/>
      <property name="Sheetname" value=""/>
      <property name="Sheetfile" value="CurrentStabilization.kicad_sch"/>
      <sheetpath names="/" tstamps="/"/>
      <tstamps>5abb342e-1253-4b2b-90e0-0edc04bd7404</tstamps>
    </comp>
    <comp ref="C12">
      <value>6.8 nF</value>
      <footprint>Capacitor_SMD:C_1206_3216Metric</footprint>
      <libsource lib="Device" part="C_Small" description="Unpolarized capacitor, small symbol"/>
      <property name="Sheetname" value=""/>
      <property name="Sheetfile" value="CurrentStabilization.kicad_sch"/>
      <sheetpath names="/" tstamps="/"/>
      <tstamps>503b450c-826b-4006-b2df-be4f7a9e6689</tstamps>
    </comp>
    <comp ref="C13">
      <value>6.8 nF</value>
      <footprint>Capacitor_SMD:C_1206_3216Metric</footprint>
      <libsource lib="Device" part="C_Small" description="Unpolarized capacitor, small symbol"/>
      <property name="Sheetname" value=""/>
      <property name="Sheetfile" value="CurrentStabilization.kicad_sch"/>
      <sheetpath names="/" tstamps="/"/>
      <tstamps>1bff4aa3-cc60-4f51-bf42-48da78586abf</tstamps>
    </comp>
    <comp ref="C14">
      <value>1uF</value>
      <footprint>Capacitor_SMD:C_1206_3216Metric</footprint>
      <libsource lib="Device" part="C" description="Unpolarized capacitor"/>
      <property name="Sheetname" value=""/>
      <property name="Sheetfile" value="CurrentStabilization.kicad_sch"/>
      <sheetpath names="/" tstamps="/"/>
      <tstamps>afc2ee0d-3415-43dc-acfc-0f8369e14628</tstamps>
    </comp>
    <comp ref="C15">
      <value>100nF</value>
      <footprint>Capacitor_SMD:C_1206_3216Metric</footprint>
      <libsource lib="Device" part="C_Small" description="Unpolarized capacitor, small symbol"/>
      <property name="Sheetname" value=""/>
      <property name="Sheetfile" value="CurrentStabilization.kicad_sch"/>
      <sheetpath names="/" tstamps="/"/>
      <tstamps>682ba98d-331d-4ede-bc98-85b7555426f9</tstamps>
    </comp>
    <comp ref="C16">
      <value>100nF</value>
      <footprint>Capacitor_SMD:C_1206_3216Metric</footprint>
      <libsource lib="Device" part="C_Small" description="Unpolarized capacitor, small symbol"/>
      <property name="Sheetname" value=""/>
      <property name="Sheetfile" value="CurrentStabilization.kicad_sch"/>
      <sheetpath names="/" tstamps="/"/>
      <tstamps>024beeb3-c3de-4124-b482-78efa388cb3c</tstamps>
    </comp>
    <comp ref="C17">
      <value>100nF</value>
      <footprint>Capacitor_SMD:C_1206_3216Metric</footprint>
      <libsource lib="Device" part="C_Small" description="Unpolarized capacitor, small symbol"/>
      <property name="Sheetname" value=""/>
      <property name="Sheetfile" value="CurrentStabilization.kicad_sch"/>
      <sheetpath names="/" tstamps="/"/>
      <tstamps>1cf2c308-5efc-40e7-97a1-2e735e7c3fbb</tstamps>
    </comp>
    <comp ref="C18">
      <value>100nF</value>
      <footprint>Capacitor_SMD:C_1206_3216Metric</footprint>
      <libsource lib="Device" part="C_Small" description="Unpolarized capacitor, small symbol"/>
      <property name="Sheetname" value=""/>
      <property name="Sheetfile" value="CurrentStabilization.kicad_sch"/>
      <sheetpath names="/" tstamps="/"/>
      <tstamps>bde252fd-7001-4914-80cf-b6a8d649dedc</tstamps>
    </comp>
    <comp ref="C19">
      <value>100nF</value>
      <footprint>Capacitor_SMD:C_1206_3216Metric</footprint>
      <libsource lib="Device" part="C_Small" description="Unpolarized capacitor, small symbol"/>
      <property name="Sheetname" value=""/>
      <property name="Sheetfile" value="CurrentStabilization.kicad_sch"/>
      <sheetpath names="/" tstamps="/"/>
      <tstamps>abd2a119-419d-4b50-ae26-a3a6b7b94d51</tstamps>
    </comp>
    <comp ref="C20">
      <value>100nF</value>
      <footprint>Capacitor_SMD:C_1206_3216Metric</footprint>
      <libsource lib="Device" part="C_Small" description="Unpolarized capacitor, small symbol"/>
      <property name="Sheetname" value=""/>
      <property name="Sheetfile" value="CurrentStabilization.kicad_sch"/>
      <sheetpath names="/" tstamps="/"/>
      <tstamps>a240cf2f-aed3-432d-ac62-a64276da05b1</tstamps>
    </comp>
    <comp ref="C21">
      <value>100nF</value>
      <footprint>Capacitor_SMD:C_1206_3216Metric</footprint>
      <libsource lib="Device" part="C_Small" description="Unpolarized capacitor, small symbol"/>
      <property name="Sheetname" value=""/>
      <property name="Sheetfile" value="CurrentStabilization.kicad_sch"/>
      <sheetpath names="/" tstamps="/"/>
      <tstamps>19d19bc1-1d1c-4754-bb4d-e8c6898fc407</tstamps>
    </comp>
    <comp ref="C22">
      <value>100nF</value>
      <footprint>Capacitor_SMD:C_1206_3216Metric</footprint>
      <libsource lib="Device" part="C_Small" description="Unpolarized capacitor, small symbol"/>
      <property name="Sheetname" value=""/>
      <property name="Sheetfile" value="CurrentStabilization.kicad_sch"/>
      <sheetpath names="/" tstamps="/"/>
      <tstamps>c7d2020a-2218-4bce-ac68-470daec2bb43</tstamps>
    </comp>
    <comp ref="C23">
      <value>100nF</value>
      <footprint>Capacitor_SMD:C_1206_3216Metric</footprint>
      <libsource lib="Device" part="C_Small" description="Unpolarized capacitor, small symbol"/>
      <property name="Sheetname" value=""/>
      <property name="Sheetfile" value="CurrentStabilization.kicad_sch"/>
      <sheetpath names="/" tstamps="/"/>
      <tstamps>f77e280a-036f-4b47-b9f4-fc516a18cce2</tstamps>
    </comp>
    <comp ref="C24">
      <value>100nF</value>
      <footprint>Capacitor_SMD:C_1206_3216Metric</footprint>
      <libsource lib="Device" part="C_Small" description="Unpolarized capacitor, small symbol"/>
      <property name="Sheetname" value=""/>
      <property name="Sheetfile" value="CurrentStabilization.kicad_sch"/>
      <sheetpath names="/" tstamps="/"/>
      <tstamps>862e2138-d202-4dd4-a3c2-dc129f800b9e</tstamps>
    </comp>
    <comp ref="C25">
      <value>100nF</value>
      <footprint>Capacitor_SMD:C_1206_3216Metric</footprint>
      <libsource lib="Device" part="C_Small" description="Unpolarized capacitor, small symbol"/>
      <property name="Sheetname" value=""/>
      <property name="Sheetfile" value="CurrentStabilization.kicad_sch"/>
      <sheetpath names="/" tstamps="/"/>
      <tstamps>1caff045-61bf-4c98-8913-25f429c107c4</tstamps>
    </comp>
    <comp ref="C26">
      <value>100nF</value>
      <footprint>Capacitor_SMD:C_1206_3216Metric</footprint>
      <libsource lib="Device" part="C_Small" description="Unpolarized capacitor, small symbol"/>
      <property name="Sheetname" value=""/>
      <property name="Sheetfile" value="CurrentStabilization.kicad_sch"/>
      <sheetpath names="/" tstamps="/"/>
      <tstamps>2d7ae666-7b79-490a-97e4-4786b8952fbc</tstamps>
    </comp>
    <comp ref="C27">
      <value>100nF</value>
      <footprint>Capacitor_SMD:C_1206_3216Metric</footprint>
      <libsource lib="Device" part="C_Small" description="Unpolarized capacitor, small symbol"/>
      <property name="Sheetname" value=""/>
      <property name="Sheetfile" value="CurrentStabilization.kicad_sch"/>
      <sheetpath names="/" tstamps="/"/>
      <tstamps>b47945db-c7b9-43e2-ac43-1a6c2eb25e1c</tstamps>
    </comp>
    <comp ref="C28">
      <value>100nF</value>
      <footprint>Capacitor_SMD:C_1206_3216Metric</footprint>
      <libsource lib="Device" part="C_Small" description="Unpolarized capacitor, small symbol"/>
      <property name="Sheetname" value=""/>
      <property name="Sheetfile" value="CurrentStabilization.kicad_sch"/>
      <sheetpath names="/" tstamps="/"/>
      <tstamps>79864c93-703b-4480-9d38-1f3170b36aa4</tstamps>
    </comp>
    <comp ref="C29">
      <value>100nF</value>
      <footprint>Capacitor_SMD:C_1206_3216Metric</footprint>
      <libsource lib="Device" part="C_Small" description="Unpolarized capacitor, small symbol"/>
      <property name="Sheetname" value=""/>
      <property name="Sheetfile" value="CurrentStabilization.kicad_sch"/>
      <sheetpath names="/" tstamps="/"/>
      <tstamps>f000a10b-d10f-4fa3-b5a6-ac32070e10b2</tstamps>
    </comp>
    <comp ref="C30">
      <value>100nF</value>
      <footprint>Capacitor_SMD:C_1206_3216Metric</footprint>
      <libsource lib="Device" part="C_Small" description="Unpolarized capacitor, small symbol"/>
      <property name="Sheetname" value=""/>
      <property name="Sheetfile" value="CurrentStabilization.kicad_sch"/>
      <sheetpath names="/" tstamps="/"/>
      <tstamps>e6807fec-c8eb-4b41-8942-27fdf545c5dc</tstamps>
    </comp>
    <comp ref="C31">
      <value>100nF</value>
      <footprint>Capacitor_SMD:C_1206_3216Metric</footprint>
      <libsource lib="Device" part="C_Small" description="Unpolarized capacitor, small symbol"/>
      <property name="Sheetname" value=""/>
      <property name="Sheetfile" value="CurrentStabilization.kicad_sch"/>
      <sheetpath names="/" tstamps="/"/>
      <tstamps>094dc05f-de4e-4cb5-9812-1f32e7f2ed4b</tstamps>
    </comp>
    <comp ref="C32">
      <value>100nF</value>
      <footprint>Capacitor_SMD:C_1206_3216Metric</footprint>
      <libsource lib="Device" part="C_Small" description="Unpolarized capacitor, small symbol"/>
      <property name="Sheetname" value=""/>
      <property name="Sheetfile" value="CurrentStabilization.kicad_sch"/>
      <sheetpath names="/" tstamps="/"/>
      <tstamps>d4200703-dca1-4496-bfa0-90c70defbc7a</tstamps>
    </comp>
    <comp ref="C33">
      <value>100nF</value>
      <footprint>Capacitor_SMD:C_1206_3216Metric</footprint>
      <libsource lib="Device" part="C_Small" description="Unpolarized capacitor, small symbol"/>
      <property name="Sheetname" value=""/>
      <property name="Sheetfile" value="CurrentStabilization.kicad_sch"/>
      <sheetpath names="/" tstamps="/"/>
      <tstamps>5c4cdf16-5da9-4826-88b6-312bce6cf62f</tstamps>
    </comp>
    <comp ref="C34">
      <value>100nF</value>
      <footprint>Capacitor_SMD:C_1206_3216Metric</footprint>
      <libsource lib="Device" part="C_Small" description="Unpolarized capacitor, small symbol"/>
      <property name="Sheetname" value=""/>
      <property name="Sheetfile" value="CurrentStabilization.kicad_sch"/>
      <sheetpath names="/" tstamps="/"/>
      <tstamps>a146117b-3459-4415-94ed-b30585acccb5</tstamps>
    </comp>
    <comp ref="C35">
      <value>100nF</value>
      <footprint>Capacitor_SMD:C_1206_3216Metric</footprint>
      <libsource lib="Device" part="C_Small" description="Unpolarized capacitor, small symbol"/>
      <property name="Sheetname" value=""/>
      <property name="Sheetfile" value="CurrentStabilization.kicad_sch"/>
      <sheetpath names="/" tstamps="/"/>
      <tstamps>97097fa2-3ded-4cc7-87a6-59dff169d027</tstamps>
    </comp>
    <comp ref="C36">
      <value>100nF</value>
      <footprint>Capacitor_SMD:C_1206_3216Metric</footprint>
      <libsource lib="Device" part="C_Small" description="Unpolarized capacitor, small symbol"/>
      <property name="Sheetname" value=""/>
      <property name="Sheetfile" value="CurrentStabilization.kicad_sch"/>
      <sheetpath names="/" tstamps="/"/>
      <tstamps>8d7e5c70-fa8e-4cc7-b267-d391833bf215</tstamps>
    </comp>
    <comp ref="C37">
      <value>100nF</value>
      <footprint>Capacitor_SMD:C_1206_3216Metric</footprint>
      <libsource lib="Device" part="C_Small" description="Unpolarized capacitor, small symbol"/>
      <property name="Sheetname" value=""/>
      <property name="Sheetfile" value="CurrentStabilization.kicad_sch"/>
      <sheetpath names="/" tstamps="/"/>
      <tstamps>29e7b72e-f5cf-49a3-9215-4743a0797c30</tstamps>
    </comp>
    <comp ref="C38">
      <value>100nF</value>
      <footprint>Capacitor_SMD:C_1206_3216Metric</footprint>
      <libsource lib="Device" part="C_Small" description="Unpolarized capacitor, small symbol"/>
      <property name="Sheetname" value=""/>
      <property name="Sheetfile" value="CurrentStabilization.kicad_sch"/>
      <sheetpath names="/" tstamps="/"/>
      <tstamps>2f2f1a55-b887-44cf-b983-ab50772886ae</tstamps>
    </comp>
    <comp ref="C39">
      <value>100nF</value>
      <footprint>Capacitor_SMD:C_1206_3216Metric</footprint>
      <libsource lib="Device" part="C_Small" description="Unpolarized capacitor, small symbol"/>
      <property name="Sheetname" value=""/>
      <property name="Sheetfile" value="CurrentStabilization.kicad_sch"/>
      <sheetpath names="/" tstamps="/"/>
      <tstamps>036c6a1d-6d47-4213-8da8-e7d3cbd2b135</tstamps>
    </comp>
    <comp ref="C40">
      <value>100nF</value>
      <footprint>Capacitor_SMD:C_1206_3216Metric</footprint>
      <libsource lib="Device" part="C_Small" description="Unpolarized capacitor, small symbol"/>
      <property name="Sheetname" value=""/>
      <property name="Sheetfile" value="CurrentStabilization.kicad_sch"/>
      <sheetpath names="/" tstamps="/"/>
      <tstamps>99643dcc-44ce-402e-8e79-f91fca86f2be</tstamps>
    </comp>
    <comp ref="C41">
      <value>100nF</value>
      <footprint>Capacitor_SMD:C_1206_3216Metric</footprint>
      <libsource lib="Device" part="C_Small" description="Unpolarized capacitor, small symbol"/>
      <property name="Sheetname" value=""/>
      <property name="Sheetfile" value="CurrentStabilization.kicad_sch"/>
      <sheetpath names="/" tstamps="/"/>
      <tstamps>5597e683-f2bb-45ac-8792-4458b4c30d3c</tstamps>
    </comp>
    <comp ref="C42">
      <value>100nF</value>
      <footprint>Capacitor_SMD:C_1206_3216Metric</footprint>
      <libsource lib="Device" part="C_Small" description="Unpolarized capacitor, small symbol"/>
      <property name="Sheetname" value=""/>
      <property name="Sheetfile" value="CurrentStabilization.kicad_sch"/>
      <sheetpath names="/" tstamps="/"/>
      <tstamps>272e757f-4a37-49a9-8276-3cae3e8b8eb5</tstamps>
    </comp>
    <comp ref="C_REF1">
      <value>100nF</value>
      <footprint>Capacitor_SMD:C_1206_3216Metric</footprint>
      <libsource lib="Device" part="C_Small" description="Unpolarized capacitor, small symbol"/>
      <property name="Sheetname" value=""/>
      <property name="Sheetfile" value="CurrentStabilization.kicad_sch"/>
      <sheetpath names="/" tstamps="/"/>
      <tstamps>ae0cff09-8286-4780-a1e1-d34bdb583c2d</tstamps>
    </comp>
    <comp ref="C_REF2">
      <value>1uF</value>
      <footprint>Capacitor_SMD:C_1206_3216Metric</footprint>
      <libsource lib="Device" part="C_Small" description="Unpolarized capacitor, small symbol"/>
      <property name="Sheetname" value=""/>
      <property name="Sheetfile" value="CurrentStabilization.kicad_sch"/>
      <sheetpath names="/" tstamps="/"/>
      <tstamps>d1a18e68-ad72-420f-8699-d0b6e5df36bd</tstamps>
    </comp>
    <comp ref="H1">
      <value>MountingHole</value>
      <footprint>MountingHole:MountingHole_4mm</footprint>
      <libsource lib="Mechanical" part="MountingHole" description="Mounting Hole without connection"/>
      <property name="Sheetname" value=""/>
      <property name="Sheetfile" value="CurrentStabilization.kicad_sch"/>
      <sheetpath names="/" tstamps="/"/>
      <tstamps>75ee7d83-5203-482b-bb74-69dd78c60b18</tstamps>
    </comp>
    <comp ref="H2">
      <value>MountingHole</value>
      <footprint>MountingHole:MountingHole_4mm</footprint>
      <libsource lib="Mechanical" part="MountingHole" description="Mounting Hole without connection"/>
      <property name="Sheetname" value=""/>
      <property name="Sheetfile" value="CurrentStabilization.kicad_sch"/>
      <sheetpath names="/" tstamps="/"/>
      <tstamps>e9f80b29-432e-41a6-ae98-c2503e1fbd7d</tstamps>
    </comp>
    <comp ref="H3">
      <value>MountingHole</value>
      <footprint>MountingHole:MountingHole_4mm</footprint>
      <libsource lib="Mechanical" part="MountingHole" description="Mounting Hole without connection"/>
      <property name="Sheetname" value=""/>
      <property name="Sheetfile" value="CurrentStabilization.kicad_sch"/>
      <sheetpath names="/" tstamps="/"/>
      <tstamps>d8a6c2f3-333d-49de-8aba-958b96c4ada2</tstamps>
    </comp>
    <comp ref="H4">
      <value>MountingHole</value>
      <footprint>MountingHole:MountingHole_4mm</footprint>
      <libsource lib="Mechanical" part="MountingHole" description="Mounting Hole without connection"/>
      <property name="Sheetname" value=""/>
      <property name="Sheetfile" value="CurrentStabilization.kicad_sch"/>
      <sheetpath names="/" tstamps="/"/>
      <tstamps>4be4bc49-dd9d-4165-8266-e62f1cd69f4a</tstamps>
    </comp>
    <comp ref="J1">
      <value>Screw_Terminal_01x02</value>
      <footprint>TerminalBlock_TE-Connectivity:TerminalBlock_TE_282834-2_1x02_P2.54mm_Horizontal</footprint>
      <libsource lib="Connector" part="Screw_Terminal_01x02" description="Generic screw terminal, single row, 01x02, script generated (kicad-library-utils/schlib/autogen/connector/)"/>
      <property name="Sheetname" value=""/>
      <property name="Sheetfile" value="CurrentStabilization.kicad_sch"/>
      <sheetpath names="/" tstamps="/"/>
      <tstamps>ac4b0601-f68c-43f8-ab85-01513bd1f875</tstamps>
    </comp>
    <comp ref="J2">
      <value>Power x3</value>
      <footprint>TerminalBlock_TE-Connectivity:TerminalBlock_TE_282834-3_1x03_P2.54mm_Horizontal</footprint>
      <libsource lib="Connector" part="Conn_01x03_Male" description="Generic connector, single row, 01x03, script generated (kicad-library-utils/schlib/autogen/connector/)"/>
      <property name="Sheetname" value=""/>
      <property name="Sheetfile" value="CurrentStabilization.kicad_sch"/>
      <sheetpath names="/" tstamps="/"/>
      <tstamps>f6b6fade-80ad-41cc-af3e-aa00ed50ad8e</tstamps>
    </comp>
    <comp ref="J3">
      <value>Screw_Terminal_01x02</value>
      <footprint>TerminalBlock_TE-Connectivity:TerminalBlock_TE_282834-2_1x02_P2.54mm_Horizontal</footprint>
      <libsource lib="Connector" part="Screw_Terminal_01x02" description="Generic screw terminal, single row, 01x02, script generated (kicad-library-utils/schlib/autogen/connector/)"/>
      <property name="Sheetname" value=""/>
      <property name="Sheetfile" value="CurrentStabilization.kicad_sch"/>
      <sheetpath names="/" tstamps="/"/>
      <tstamps>39c66d38-b04f-477c-8738-33b0b6f4f853</tstamps>
    </comp>
    <comp ref="J4">
      <value>VR Temp Mon.</value>
      <footprint>TerminalBlock_TE-Connectivity:TerminalBlock_TE_282834-2_1x02_P2.54mm_Horizontal</footprint>
      <libsource lib="Connector_Generic" part="Conn_01x02" description="Generic connector, single row, 01x02, script generated (kicad-library-utils/schlib/autogen/connector/)"/>
      <property name="Sheetname" value=""/>
      <property name="Sheetfile" value="CurrentStabilization.kicad_sch"/>
      <sheetpath names="/" tstamps="/"/>
      <tstamps>00c4b0ff-106f-4b91-9837-529a216b0095</tstamps>
    </comp>
    <comp ref="J5">
      <value>Screw_Terminal_01x04</value>
      <footprint>TerminalBlock_TE-Connectivity:TerminalBlock_TE_282834-4_1x04_P2.54mm_Horizontal</footprint>
      <libsource lib="Connector" part="Screw_Terminal_01x04" description="Generic screw terminal, single row, 01x04, script generated (kicad-library-utils/schlib/autogen/connector/)"/>
      <property name="Sheetname" value=""/>
      <property name="Sheetfile" value="CurrentStabilization.kicad_sch"/>
      <sheetpath names="/" tstamps="/"/>
      <tstamps>3f5a420a-ec6f-41d4-9bfc-a2d558ff1898</tstamps>
    </comp>
    <comp ref="J6">
      <value>Screw_Terminal_01x04</value>
      <footprint>TerminalBlock_TE-Connectivity:TerminalBlock_TE_282834-4_1x04_P2.54mm_Horizontal</footprint>
      <libsource lib="Connector" part="Screw_Terminal_01x04" description="Generic screw terminal, single row, 01x04, script generated (kicad-library-utils/schlib/autogen/connector/)"/>
      <property name="Sheetname" value=""/>
      <property name="Sheetfile" value="CurrentStabilization.kicad_sch"/>
      <sheetpath names="/" tstamps="/"/>
      <tstamps>3089a332-22f6-4ef4-83b1-1269f62f0628</tstamps>
    </comp>
    <comp ref="J7">
      <value>Screw_Terminal_01x06</value>
      <footprint>TerminalBlock_TE-Connectivity:TerminalBlock_TE_282834-6_1x06_P2.54mm_Horizontal</footprint>
      <libsource lib="Connector" part="Screw_Terminal_01x06" description="Generic screw terminal, single row, 01x06, script generated (kicad-library-utils/schlib/autogen/connector/)"/>
      <property name="Sheetname" value=""/>
      <property name="Sheetfile" value="CurrentStabilization.kicad_sch"/>
      <sheetpath names="/" tstamps="/"/>
      <tstamps>7d941a3c-f76a-43e3-8066-4ea39add43c2</tstamps>
    </comp>
    <comp ref="J8">
      <value>Screw_Terminal_01x02</value>
      <footprint>TerminalBlock_TE-Connectivity:TerminalBlock_TE_282834-2_1x02_P2.54mm_Horizontal</footprint>
      <libsource lib="Connector" part="Screw_Terminal_01x02" description="Generic screw terminal, single row, 01x02, script generated (kicad-library-utils/schlib/autogen/connector/)"/>
      <property name="Sheetname" value=""/>
      <property name="Sheetfile" value="CurrentStabilization.kicad_sch"/>
      <sheetpath names="/" tstamps="/"/>
      <tstamps>8d401a22-3e4f-4ad1-aae9-aa164665e68d</tstamps>
    </comp>
    <comp ref="J9">
      <value>Screw_Terminal_01x02</value>
      <footprint>TerminalBlock_TE-Connectivity:TerminalBlock_TE_282834-2_1x02_P2.54mm_Horizontal</footprint>
      <libsource lib="Connector" part="Screw_Terminal_01x02" description="Generic screw terminal, single row, 01x02, script generated (kicad-library-utils/schlib/autogen/connector/)"/>
      <property name="Sheetname" value=""/>
      <property name="Sheetfile" value="CurrentStabilization.kicad_sch"/>
      <sheetpath names="/" tstamps="/"/>
      <tstamps>82a801d0-04fe-4efa-8eab-aec231ab69d8</tstamps>
    </comp>
    <comp ref="J10">
      <value>Screw_Terminal_01x02</value>
      <footprint>TerminalBlock_TE-Connectivity:TerminalBlock_TE_282834-2_1x02_P2.54mm_Horizontal</footprint>
      <libsource lib="Connector" part="Screw_Terminal_01x02" description="Generic screw terminal, single row, 01x02, script generated (kicad-library-utils/schlib/autogen/connector/)"/>
      <property name="Sheetname" value=""/>
      <property name="Sheetfile" value="CurrentStabilization.kicad_sch"/>
      <sheetpath names="/" tstamps="/"/>
      <tstamps>9d7ed5ea-0de6-4b00-a008-3485540953c1</tstamps>
    </comp>
    <comp ref="J11">
      <value>Screw_Terminal_01x02</value>
      <footprint>TerminalBlock_TE-Connectivity:TerminalBlock_TE_282834-2_1x02_P2.54mm_Horizontal</footprint>
      <libsource lib="Connector" part="Screw_Terminal_01x02" description="Generic screw terminal, single row, 01x02, script generated (kicad-library-utils/schlib/autogen/connector/)"/>
      <property name="Sheetname" value=""/>
      <property name="Sheetfile" value="CurrentStabilization.kicad_sch"/>
      <sheetpath names="/" tstamps="/"/>
      <tstamps>d5a50979-a411-48fa-8f1a-f87d0dce23e6</tstamps>
    </comp>
    <comp ref="R1">
      <value>2k</value>
      <footprint>Resistor_SMD:R_1206_3216Metric</footprint>
      <libsource lib="Device" part="R" description="Resistor"/>
      <property name="Sheetname" value=""/>
      <property name="Sheetfile" value="CurrentStabilization.kicad_sch"/>
      <sheetpath names="/" tstamps="/"/>
      <tstamps>400d1090-7e6e-49fe-9648-c56106e6e74a</tstamps>
    </comp>
    <comp ref="R2">
      <value>2k</value>
      <footprint>Resistor_SMD:R_1206_3216Metric</footprint>
      <libsource lib="Device" part="R" description="Resistor"/>
      <property name="Sheetname" value=""/>
      <property name="Sheetfile" value="CurrentStabilization.kicad_sch"/>
      <sheetpath names="/" tstamps="/"/>
      <tstamps>13acca1f-5199-4271-a920-9ea2661ee0cb</tstamps>
    </comp>
    <comp ref="R3">
      <value>50k</value>
      <footprint>Resistor_SMD:R_1206_3216Metric</footprint>
      <libsource lib="Device" part="R" description="Resistor"/>
      <property name="Sheetname" value=""/>
      <property name="Sheetfile" value="CurrentStabilization.kicad_sch"/>
      <sheetpath names="/" tstamps="/"/>
      <tstamps>66697ece-edd4-4e35-9ae6-cc0a6b0ff1d7</tstamps>
    </comp>
    <comp ref="R4">
      <value>20k</value>
      <footprint>Resistor_SMD:R_1206_3216Metric</footprint>
      <libsource lib="Device" part="R" description="Resistor"/>
      <property name="Sheetname" value=""/>
      <property name="Sheetfile" value="CurrentStabilization.kicad_sch"/>
      <sheetpath names="/" tstamps="/"/>
      <tstamps>b59a866c-5379-438e-aa90-98010694631c</tstamps>
    </comp>
    <comp ref="R5">
      <value>20k</value>
      <footprint>Resistor_SMD:R_1206_3216Metric</footprint>
      <libsource lib="Device" part="R" description="Resistor"/>
      <property name="Sheetname" value=""/>
      <property name="Sheetfile" value="CurrentStabilization.kicad_sch"/>
      <sheetpath names="/" tstamps="/"/>
      <tstamps>72d9a3cf-413c-4d43-8767-f4dcac584e0e</tstamps>
    </comp>
    <comp ref="R6">
      <value>20k</value>
      <footprint>Resistor_SMD:R_1206_3216Metric</footprint>
      <libsource lib="Device" part="R" description="Resistor"/>
      <property name="Sheetname" value=""/>
      <property name="Sheetfile" value="CurrentStabilization.kicad_sch"/>
      <sheetpath names="/" tstamps="/"/>
      <tstamps>3f93c66a-1632-4de0-bdb8-475b4ea051e0</tstamps>
    </comp>
    <comp ref="R7">
      <value>20k</value>
      <footprint>Resistor_SMD:R_1206_3216Metric</footprint>
      <libsource lib="Device" part="R" description="Resistor"/>
      <property name="Sheetname" value=""/>
      <property name="Sheetfile" value="CurrentStabilization.kicad_sch"/>
      <sheetpath names="/" tstamps="/"/>
      <tstamps>ea2a1236-cfb3-434f-94d0-1e8082439505</tstamps>
    </comp>
    <comp ref="R8">
      <value>2.2k</value>
      <footprint>Resistor_SMD:R_1206_3216Metric</footprint>
      <libsource lib="Device" part="R" description="Resistor"/>
      <property name="Sheetname" value=""/>
      <property name="Sheetfile" value="CurrentStabilization.kicad_sch"/>
      <sheetpath names="/" tstamps="/"/>
      <tstamps>4eefd404-352a-4947-b667-648e8e364e54</tstamps>
    </comp>
    <comp ref="R9">
      <value>20k</value>
      <footprint>Resistor_SMD:R_1206_3216Metric</footprint>
      <libsource lib="Device" part="R" description="Resistor"/>
      <property name="Sheetname" value=""/>
      <property name="Sheetfile" value="CurrentStabilization.kicad_sch"/>
      <sheetpath names="/" tstamps="/"/>
      <tstamps>1800715f-3728-49b9-9bf2-ac849fc62fe2</tstamps>
    </comp>
    <comp ref="R10">
      <value>20k</value>
      <footprint>Resistor_SMD:R_1206_3216Metric</footprint>
      <libsource lib="Device" part="R" description="Resistor"/>
      <property name="Sheetname" value=""/>
      <property name="Sheetfile" value="CurrentStabilization.kicad_sch"/>
      <sheetpath names="/" tstamps="/"/>
      <tstamps>3313e07b-ae67-4178-837f-6a23ab6169b6</tstamps>
    </comp>
    <comp ref="R11">
      <value>2k</value>
      <footprint>Resistor_SMD:R_1206_3216Metric</footprint>
      <libsource lib="Device" part="R" description="Resistor"/>
      <property name="Sheetname" value=""/>
      <property name="Sheetfile" value="CurrentStabilization.kicad_sch"/>
      <sheetpath names="/" tstamps="/"/>
      <tstamps>bf212052-d5de-41b0-8960-cf2fb8521b41</tstamps>
    </comp>
    <comp ref="R12">
      <value>2k</value>
      <footprint>Resistor_SMD:R_1206_3216Metric</footprint>
      <libsource lib="Device" part="R" description="Resistor"/>
      <property name="Sheetname" value=""/>
      <property name="Sheetfile" value="CurrentStabilization.kicad_sch"/>
      <sheetpath names="/" tstamps="/"/>
      <tstamps>db2a8fda-7762-4370-abee-3a030c979eb8</tstamps>
    </comp>
    <comp ref="R13">
      <value>500</value>
      <footprint>Resistor_SMD:R_1206_3216Metric</footprint>
      <libsource lib="Device" part="R" description="Resistor"/>
      <property name="Sheetname" value=""/>
      <property name="Sheetfile" value="CurrentStabilization.kicad_sch"/>
      <sheetpath names="/" tstamps="/"/>
      <tstamps>c46b3bb1-0098-45ea-b442-998e5bf97116</tstamps>
    </comp>
    <comp ref="R14">
      <value>50k</value>
      <footprint>Resistor_SMD:R_1206_3216Metric</footprint>
      <libsource lib="Device" part="R" description="Resistor"/>
      <property name="Sheetname" value=""/>
      <property name="Sheetfile" value="CurrentStabilization.kicad_sch"/>
      <sheetpath names="/" tstamps="/"/>
      <tstamps>caa5679a-a575-4666-94cc-55b3adefc4e5</tstamps>
    </comp>
    <comp ref="R15">
      <value>1k</value>
      <footprint>Resistor_SMD:R_1206_3216Metric</footprint>
      <libsource lib="Device" part="R" description="Resistor"/>
      <property name="Sheetname" value=""/>
      <property name="Sheetfile" value="CurrentStabilization.kicad_sch"/>
      <sheetpath names="/" tstamps="/"/>
      <tstamps>40ad9cf5-20a6-40d3-b3e9-f4f13611c397</tstamps>
    </comp>
    <comp ref="R16">
      <value>1k</value>
      <footprint>Resistor_SMD:R_1206_3216Metric</footprint>
      <libsource lib="Device" part="R" description="Resistor"/>
      <property name="Sheetname" value=""/>
      <property name="Sheetfile" value="CurrentStabilization.kicad_sch"/>
      <sheetpath names="/" tstamps="/"/>
      <tstamps>450edda5-2066-4f10-87ba-0fd9a507dff2</tstamps>
    </comp>
    <comp ref="RV1">
      <value>R_Potentiometer_Small</value>
      <footprint>Potentiometer_SMD:Potentiometer_Bourns_3214X_Vertical</footprint>
      <libsource lib="Device" part="R_Potentiometer_Small" description="Potentiometer"/>
      <property name="Sheetname" value=""/>
      <property name="Sheetfile" value="CurrentStabilization.kicad_sch"/>
      <sheetpath names="/" tstamps="/"/>
      <tstamps>9e3e2a37-5549-4b6e-981d-a926c9746013</tstamps>
    </comp>
    <comp ref="RV2">
      <value>R_Potentiometer_Small</value>
      <footprint>Potentiometer_SMD:Potentiometer_Bourns_3214X_Vertical</footprint>
      <libsource lib="Device" part="R_Potentiometer_Small" description="Potentiometer"/>
      <property name="Sheetname" value=""/>
      <property name="Sheetfile" value="CurrentStabilization.kicad_sch"/>
      <sheetpath names="/" tstamps="/"/>
      <tstamps>b915b320-8b5b-405c-8dd4-11ed65b07c21</tstamps>
    </comp>
    <comp ref="RV3">
      <value>R_Potentiometer_Small</value>
      <footprint>Potentiometer_SMD:Potentiometer_Bourns_3214X_Vertical</footprint>
      <libsource lib="Device" part="R_Potentiometer_Small" description="Potentiometer"/>
      <property name="Sheetname" value=""/>
      <property name="Sheetfile" value="CurrentStabilization.kicad_sch"/>
      <sheetpath names="/" tstamps="/"/>
      <tstamps>e93147a2-d2e9-45cf-9bc6-c017d0e35c14</tstamps>
    </comp>
    <comp ref="RV4">
      <value>R_Potentiometer_Small</value>
      <footprint>Potentiometer_SMD:Potentiometer_Bourns_3214X_Vertical</footprint>
      <libsource lib="Device" part="R_Potentiometer_Small" description="Potentiometer"/>
      <property name="Sheetname" value=""/>
      <property name="Sheetfile" value="CurrentStabilization.kicad_sch"/>
      <sheetpath names="/" tstamps="/"/>
      <tstamps>21de4b84-b8a5-44f6-a192-6f2cb18c7e13</tstamps>
    </comp>
    <comp ref="RV5">
      <value>R_Potentiometer_Small</value>
      <footprint>Potentiometer_SMD:Potentiometer_Bourns_3214X_Vertical</footprint>
      <libsource lib="Device" part="R_Potentiometer_Small" description="Potentiometer"/>
      <property name="Sheetname" value=""/>
      <property name="Sheetfile" value="CurrentStabilization.kicad_sch"/>
      <sheetpath names="/" tstamps="/"/>
      <tstamps>34790755-d107-4f7f-a83d-55a86225ee13</tstamps>
    </comp>
    <comp ref="RV6">
      <value>R_Potentiometer_Small</value>
      <footprint>Potentiometer_SMD:Potentiometer_Bourns_3214X_Vertical</footprint>
      <libsource lib="Device" part="R_Potentiometer_Small" description="Potentiometer"/>
      <property name="Sheetname" value=""/>
      <property name="Sheetfile" value="CurrentStabilization.kicad_sch"/>
      <sheetpath names="/" tstamps="/"/>
      <tstamps>5d7c0ec5-d081-4740-a10d-c1eb82980854</tstamps>
    </comp>
    <comp ref="RV7">
      <value>R_Potentiometer_Small</value>
      <footprint>Potentiometer_SMD:Potentiometer_Bourns_3214X_Vertical</footprint>
      <libsource lib="Device" part="R_Potentiometer_Small" description="Potentiometer"/>
      <property name="Sheetname" value=""/>
      <property name="Sheetfile" value="CurrentStabilization.kicad_sch"/>
      <sheetpath names="/" tstamps="/"/>
      <tstamps>4a29b26e-1d47-4c06-b9c5-2940eac34afc</tstamps>
    </comp>
    <comp ref="RV8">
      <value>R_Potentiometer_Small</value>
      <footprint>Potentiometer_SMD:Potentiometer_Bourns_3214X_Vertical</footprint>
      <libsource lib="Device" part="R_Potentiometer_Small" description="Potentiometer"/>
      <property name="Sheetname" value=""/>
      <property name="Sheetfile" value="CurrentStabilization.kicad_sch"/>
      <sheetpath names="/" tstamps="/"/>
      <tstamps>43e9382a-06b9-47fd-b6cf-bdd2b4b4e958</tstamps>
    </comp>
    <comp ref="U1">
      <value>AMP03GSZ</value>
      <footprint>AMP03GSZ:AMP03GSZ</footprint>
      <libsource lib="" part="AMP03GSZ_1" description=""/>
      <property name="Sheetname" value=""/>
      <property name="Sheetfile" value="CurrentStabilization.kicad_sch"/>
      <sheetpath names="/" tstamps="/"/>
      <tstamps>0bbf2815-a2db-4154-940d-484e75cc9c12</tstamps>
    </comp>
    <comp ref="U2">
      <value>AMP03GSZ</value>
      <footprint>AMP03GSZ:AMP03GSZ</footprint>
      <libsource lib="AMP03GSZ" part="AMP03GSZ" description=""/>
      <property name="Sheetname" value=""/>
      <property name="Sheetfile" value="CurrentStabilization.kicad_sch"/>
      <sheetpath names="/" tstamps="/"/>
      <tstamps>3d1d1648-5128-4160-8eee-5740baa2e67d</tstamps>
    </comp>
    <comp ref="U3">
      <value>OPA2189IDR</value>
      <footprint>OPA2189:D0008A_N</footprint>
      <datasheet>OPA2189IDR</datasheet>
      <libsource lib="OPA2189IDR" part="OPA2189IDR" description=""/>
      <property name="Sheetname" value=""/>
      <property name="Sheetfile" value="CurrentStabilization.kicad_sch"/>
      <sheetpath names="/" tstamps="/"/>
      <tstamps>f57748b0-bec0-42fd-b4d8-affd0c951ffc 79f34ebf-ec6e-44ef-829d-af3f356b4c11 01a1fe84-88fe-4703-ad72-2cf8fe90d848</tstamps>
    </comp>
    <comp ref="U4">
      <value>OPA2189IDR</value>
      <footprint>OPA2189:D0008A_N</footprint>
      <datasheet>OPA2189IDR</datasheet>
      <libsource lib="OPA2189" part="OPA2189IDR" description=""/>
      <property name="Sheetname" value=""/>
      <property name="Sheetfile" value="CurrentStabilization.kicad_sch"/>
      <sheetpath names="/" tstamps="/"/>
      <tstamps>b16522e6-a00e-4c7e-b230-823dce6570ba e6cfcebf-3d16-4daf-b692-d41caceb0813 3d78decf-588e-411f-bf66-1f677525ff76</tstamps>
    </comp>
    <comp ref="U5">
      <value>REF102CU</value>
      <footprint>Package_SO:SOIC-8_3.9x4.9mm_P1.27mm</footprint>
      <datasheet>http://www.ti.com/lit/ds/symlink/ref02.pdf</datasheet>
      <libsource lib="Reference_Voltage" part="REF102CU" description="10V ±2.5mV Precision Voltage Reference, SO-8"/>
      <property name="Sheetname" value=""/>
      <property name="Sheetfile" value="CurrentStabilization.kicad_sch"/>
      <sheetpath names="/" tstamps="/"/>
      <tstamps>834e25de-a71c-4395-8080-a2e33fc8b0cd</tstamps>
    </comp>
    <comp ref="U6">
      <value>OPA2189IDR</value>
      <footprint>OPA2189:D0008A_N</footprint>
      <datasheet>OPA2189IDR</datasheet>
      <libsource lib="OPA2189" part="OPA2189IDR" description=""/>
      <property name="Sheetname" value=""/>
      <property name="Sheetfile" value="CurrentStabilization.kicad_sch"/>
      <sheetpath names="/" tstamps="/"/>
      <tstamps>c5b43822-9273-4870-95e1-62cb308acb2c 1bdc56a6-a3d5-4123-911e-03399edb1570 0733446f-6ff9-4075-9959-40a182f5234e</tstamps>
    </comp>
    <comp ref="U7">
      <value>OPA2189IDR</value>
      <footprint>OPA2189:D0008A_N</footprint>
      <datasheet>OPA2189IDR</datasheet>
      <libsource lib="OPA2189" part="OPA2189IDR" description=""/>
      <property name="Sheetname" value=""/>
      <property name="Sheetfile" value="CurrentStabilization.kicad_sch"/>
      <sheetpath names="/" tstamps="/"/>
      <tstamps>85449369-067c-4e14-8ec3-b27f45910656 edebd90f-4878-4fc1-9411-06b687a54bec 605e9470-8599-445c-827f-a8d65cfbb079</tstamps>
    </comp>
    <comp ref="U8">
      <value>OPA2189IDR</value>
      <footprint>OPA2189:D0008A_N</footprint>
      <datasheet>OPA2189IDR</datasheet>
      <libsource lib="OPA2189" part="OPA2189IDR" description=""/>
      <property name="Sheetname" value=""/>
      <property name="Sheetfile" value="CurrentStabilization.kicad_sch"/>
      <sheetpath names="/" tstamps="/"/>
      <tstamps>e3a3ef1f-766b-46e0-9298-1dc877f963d5 c23f96d6-4811-4fa3-aab9-2290369759e7 8cff8da8-f921-41d4-82e4-d3a55503ec59</tstamps>
    </comp>
    <comp ref="U9">
      <value>DG419CY+</value>
      <footprint>DG419CY+:dg419cy&amp;plus_</footprint>
      <libsource lib="PengMade" part="DG419CY+" description=""/>
      <property name="Sheetname" value=""/>
      <property name="Sheetfile" value="CurrentStabilization.kicad_sch"/>
      <sheetpath names="/" tstamps="/"/>
      <tstamps>3cff5cc4-f53e-4012-9958-ba74604deb55</tstamps>
    </comp>
    <comp ref="U10">
      <value>OPA2189IDR</value>
      <footprint>OPA2189:D0008A_N</footprint>
      <datasheet>OPA2189IDR</datasheet>
      <libsource lib="OPA2189" part="OPA2189IDR" description=""/>
      <property name="Sheetname" value=""/>
      <property name="Sheetfile" value="CurrentStabilization.kicad_sch"/>
      <sheetpath names="/" tstamps="/"/>
      <tstamps>e1b3c816-9e63-4bd0-91cc-c0c75f5394a4 8cd1feb9-b73d-43d8-b546-07f0962e17c4 72907f09-a519-45be-b455-81f27d412392</tstamps>
    </comp>
    <comp ref="U11">
      <value>DG419CY+</value>
      <footprint>DG419CY+:dg419cy&amp;plus_</footprint>
      <libsource lib="PengMade" part="DG419CY+" description=""/>
      <property name="Sheetname" value=""/>
      <property name="Sheetfile" value="CurrentStabilization.kicad_sch"/>
      <sheetpath names="/" tstamps="/"/>
      <tstamps>f587a2a2-5579-4296-837a-2badf4feab58</tstamps>
    </comp>
    <comp ref="U12">
      <value>OPA2189IDR</value>
      <footprint>OPA2189:D0008A_N</footprint>
      <datasheet>OPA2189IDR</datasheet>
      <libsource lib="OPA2189" part="OPA2189IDR" description=""/>
      <property name="Sheetname" value=""/>
      <property name="Sheetfile" value="CurrentStabilization.kicad_sch"/>
      <sheetpath names="/" tstamps="/"/>
      <tstamps>f78f6db0-0888-4f30-a643-ca8a4a60e408 c2e88cb9-2dbb-42aa-9a31-1bcc180c64c5 c1eb5cf9-01c5-4c6f-a93c-9d97cabcacd1</tstamps>
    </comp>
    <comp ref="U13">
      <value>IVC102U</value>
      <footprint>Package_SO:SOIC-14_3.9x8.7mm_P1.27mm</footprint>
      <libsource lib="IVC102" part="IVC102U" description=""/>
      <property name="Sheetname" value=""/>
      <property name="Sheetfile" value="CurrentStabilization.kicad_sch"/>
      <sheetpath names="/" tstamps="/"/>
      <tstamps>8d59cc2e-8384-48c6-b4bd-74a30187ed9d</tstamps>
    </comp>
    <comp ref="U14">
      <value>IVC102U</value>
      <footprint>Package_SO:SOIC-14_3.9x8.7mm_P1.27mm</footprint>
      <libsource lib="IVC102" part="IVC102U" description=""/>
      <property name="Sheetname" value=""/>
      <property name="Sheetfile" value="CurrentStabilization.kicad_sch"/>
      <sheetpath names="/" tstamps="/"/>
      <tstamps>8e7e648c-75c1-4424-a4f8-3440ac1af5ce</tstamps>
    </comp>
    <comp ref="U15">
      <value>OPA2189IDR</value>
      <footprint>OPA2189:D0008A_N</footprint>
      <datasheet>OPA2189IDR</datasheet>
      <libsource lib="OPA2189IDR" part="OPA2189IDR" description=""/>
      <property name="Sheetname" value=""/>
      <property name="Sheetfile" value="CurrentStabilization.kicad_sch"/>
      <sheetpath names="/" tstamps="/"/>
      <tstamps>e713aadd-4138-4ce5-9665-5ff2647c07b2 c29c71cc-76ab-42e7-bd24-4128764bd67f a83d1729-8059-45d6-8180-8137ad89fabd</tstamps>
    </comp>
    <comp ref="U16">
      <value>LDK320M50R</value>
      <footprint>Package_TO_SOT_SMD:SOT-23-5</footprint>
      <datasheet>https://www.ti.com/lit/ds/symlink/tps7a05.pdf</datasheet>
      <libsource lib="Regulator_Linear" part="TPS7A0531PDBV" description="200-mA Ultra-Low-Iq LDO, 3.1V, SOT-23-5"/>
      <property name="Sheetname" value=""/>
      <property name="Sheetfile" value="CurrentStabilization.kicad_sch"/>
      <sheetpath names="/" tstamps="/"/>
      <tstamps>20c07ec2-1c27-4831-8d6c-13a2fced7ffd</tstamps>
    </comp>
    <comp ref="U17">
      <value>ISO7730DWR</value>
      <footprint>ISO7730:DW0016B_N</footprint>
      <datasheet>ISO7730DWR</datasheet>
      <libsource lib="ISO7730" part="ISO7730DWR" description=""/>
      <property name="Sheetname" value=""/>
      <property name="Sheetfile" value="CurrentStabilization.kicad_sch"/>
      <sheetpath names="/" tstamps="/"/>
      <tstamps>3ace7f9f-6328-4074-ad98-c2c650f7d5df</tstamps>
    </comp>
    <comp ref="U18">
      <value>AMP03GSZ</value>
      <footprint>AMP03GSZ:AMP03GSZ</footprint>
      <libsource lib="AMP03GSZ" part="AMP03GSZ" description=""/>
      <property name="Sheetname" value=""/>
      <property name="Sheetfile" value="CurrentStabilization.kicad_sch"/>
      <sheetpath names="/" tstamps="/"/>
      <tstamps>f3020236-426e-4e9e-8e3d-ac7e8aa36bb2</tstamps>
    </comp>
    <comp ref="U19">
      <value>AMP03GSZ</value>
      <footprint>AMP03GSZ:AMP03GSZ</footprint>
      <libsource lib="AMP03GSZ" part="AMP03GSZ" description=""/>
      <property name="Sheetname" value=""/>
      <property name="Sheetfile" value="CurrentStabilization.kicad_sch"/>
      <sheetpath names="/" tstamps="/"/>
      <tstamps>7b7c8238-3f62-4a94-953f-38069db33f46</tstamps>
    </comp>
    <comp ref="U20">
      <value>DG419CY+</value>
      <footprint>DG419CY+:dg419cy&amp;plus_</footprint>
      <libsource lib="PengMade" part="DG419CY+" description=""/>
      <property name="Sheetname" value=""/>
      <property name="Sheetfile" value="CurrentStabilization.kicad_sch"/>
      <sheetpath names="/" tstamps="/"/>
      <tstamps>135b64cc-22aa-4151-9584-7996f3824fae</tstamps>
    </comp>
    <comp ref="U21">
      <value>DG419CY+</value>
      <footprint>DG419CY+:dg419cy&amp;plus_</footprint>
      <libsource lib="PengMade" part="DG419CY+" description=""/>
      <property name="Sheetname" value=""/>
      <property name="Sheetfile" value="CurrentStabilization.kicad_sch"/>
      <sheetpath names="/" tstamps="/"/>
      <tstamps>3893185f-c618-4bdb-a93a-6fc824a8ebb5</tstamps>
    </comp>
    <comp ref="U22">
      <value>OPA2189IDR</value>
      <footprint>D0008A_N</footprint>
      <datasheet>OPA2189IDR</datasheet>
      <libsource lib="OPA2189IDR" part="OPA2189IDR" description=""/>
      <property name="Sheetname" value=""/>
      <property name="Sheetfile" value="CurrentStabilization.kicad_sch"/>
      <sheetpath names="/" tstamps="/"/>
      <tstamps>b76baa92-0ab4-41b0-9240-0235a8bbff69 840f87ab-a0d7-47ae-9f1e-e9108da592e9 32599ddd-2124-4e0c-ae75-7e2bad002957</tstamps>
    </comp>
  </components>
  <libparts>
    <libpart lib="" part="AMP03GSZ_1">
      <footprints>
        <fp>R_8_ADI</fp>
        <fp>R_8_ADI-M</fp>
        <fp>R_8_ADI-L</fp>
      </footprints>
      <fields>
        <field name="Reference">U1</field>
        <field name="Value">AMP03GSZ_1</field>
        <field name="Footprint">R_8_ADI</field>
      </fields>
      <pins>
        <pin num="1" name="REFERENCE" type="bidirectional"/>
        <pin num="2" name="-IN" type="unspecified"/>
        <pin num="3" name="+IN" type="unspecified"/>
        <pin num="4" name="V-" type="power_in"/>
        <pin num="5" name="SENSE" type="unspecified"/>
        <pin num="6" name="OUTPUT" type="unspecified"/>
        <pin num="7" name="V+" type="power_in"/>
        <pin num="8" name="NC" type="unspecified"/>
      </pins>
    </libpart>
    <libpart lib="AMP03GSZ" part="AMP03GSZ">
      <footprints>
        <fp>R_8_ADI</fp>
        <fp>R_8_ADI-M</fp>
        <fp>R_8_ADI-L</fp>
      </footprints>
      <fields>
        <field name="Reference">U2</field>
        <field name="Value">AMP03GSZ</field>
        <field name="Footprint">R_8_ADI</field>
      </fields>
      <pins>
        <pin num="1" name="REFERENCE" type="bidirectional"/>
        <pin num="2" name="-IN" type="unspecified"/>
        <pin num="3" name="+IN" type="unspecified"/>
        <pin num="4" name="V-" type="power_in"/>
        <pin num="5" name="SENSE" type="bidirectional"/>
        <pin num="6" name="OUTPUT" type="unspecified"/>
        <pin num="7" name="V+" type="power_in"/>
        <pin num="8" name="NC" type="unspecified"/>
      </pins>
    </libpart>
    <libpart lib="Connector" part="Conn_01x03_Male">
      <description>Generic connector, single row, 01x03, script generated (kicad-library-utils/schlib/autogen/connector/)</description>
      <docs>~</docs>
      <footprints>
        <fp>Connector*:*_1x??_*</fp>
      </footprints>
      <fields>
        <field name="Reference">J</field>
        <field name="Value">Conn_01x03_Male</field>
        <field name="Datasheet">~</field>
      </fields>
      <pins>
        <pin num="1" name="Pin_1" type="passive"/>
        <pin num="2" name="Pin_2" type="passive"/>
        <pin num="3" name="Pin_3" type="passive"/>
      </pins>
    </libpart>
    <libpart lib="Connector" part="Screw_Terminal_01x02">
      <description>Generic screw terminal, single row, 01x02, script generated (kicad-library-utils/schlib/autogen/connector/)</description>
      <docs>~</docs>
      <footprints>
        <fp>TerminalBlock*:*</fp>
      </footprints>
      <fields>
        <field name="Reference">J</field>
        <field name="Value">Screw_Terminal_01x02</field>
        <field name="Datasheet">~</field>
      </fields>
      <pins>
        <pin num="1" name="Pin_1" type="passive"/>
        <pin num="2" name="Pin_2" type="passive"/>
      </pins>
    </libpart>
    <libpart lib="Connector" part="Screw_Terminal_01x04">
      <description>Generic screw terminal, single row, 01x04, script generated (kicad-library-utils/schlib/autogen/connector/)</description>
      <docs>~</docs>
      <footprints>
        <fp>TerminalBlock*:*</fp>
      </footprints>
      <fields>
        <field name="Reference">J</field>
        <field name="Value">Screw_Terminal_01x04</field>
        <field name="Datasheet">~</field>
      </fields>
      <pins>
        <pin num="1" name="Pin_1" type="passive"/>
        <pin num="2" name="Pin_2" type="passive"/>
        <pin num="3" name="Pin_3" type="passive"/>
        <pin num="4" name="Pin_4" type="passive"/>
      </pins>
    </libpart>
    <libpart lib="Connector" part="Screw_Terminal_01x06">
      <description>Generic screw terminal, single row, 01x06, script generated (kicad-library-utils/schlib/autogen/connector/)</description>
      <docs>~</docs>
      <footprints>
        <fp>TerminalBlock*:*</fp>
      </footprints>
      <fields>
        <field name="Reference">J</field>
        <field name="Value">Screw_Terminal_01x06</field>
        <field name="Datasheet">~</field>
      </fields>
      <pins>
        <pin num="1" name="Pin_1" type="passive"/>
        <pin num="2" name="Pin_2" type="passive"/>
        <pin num="3" name="Pin_3" type="passive"/>
        <pin num="4" name="Pin_4" type="passive"/>
        <pin num="5" name="Pin_5" type="passive"/>
        <pin num="6" name="Pin_6" type="passive"/>
      </pins>
    </libpart>
    <libpart lib="Connector_Generic" part="Conn_01x02">
      <description>Generic connector, single row, 01x02, script generated (kicad-library-utils/schlib/autogen/connector/)</description>
      <docs>~</docs>
      <footprints>
        <fp>Connector*:*_1x??_*</fp>
      </footprints>
      <fields>
        <field name="Reference">J</field>
        <field name="Value">Conn_01x02</field>
        <field name="Datasheet">~</field>
      </fields>
      <pins>
        <pin num="1" name="Pin_1" type="passive"/>
        <pin num="2" name="Pin_2" type="passive"/>
      </pins>
    </libpart>
    <libpart lib="Device" part="C">
      <description>Unpolarized capacitor</description>
      <docs>~</docs>
      <footprints>
        <fp>C_*</fp>
      </footprints>
      <fields>
        <field name="Reference">C</field>
        <field name="Value">C</field>
        <field name="Datasheet">~</field>
      </fields>
      <pins>
        <pin num="1" name="" type="passive"/>
        <pin num="2" name="" type="passive"/>
      </pins>
    </libpart>
    <libpart lib="Device" part="C_Polarized_Small_US">
      <description>Polarized capacitor, small US symbol</description>
      <docs>~</docs>
      <footprints>
        <fp>CP_*</fp>
      </footprints>
      <fields>
        <field name="Reference">C</field>
        <field name="Value">C_Polarized_Small_US</field>
        <field name="Datasheet">~</field>
      </fields>
      <pins>
        <pin num="1" name="" type="passive"/>
        <pin num="2" name="" type="passive"/>
      </pins>
    </libpart>
    <libpart lib="Device" part="C_Small">
      <description>Unpolarized capacitor, small symbol</description>
      <docs>~</docs>
      <footprints>
        <fp>C_*</fp>
      </footprints>
      <fields>
        <field name="Reference">C</field>
        <field name="Value">C_Small</field>
        <field name="Datasheet">~</field>
      </fields>
      <pins>
        <pin num="1" name="" type="passive"/>
        <pin num="2" name="" type="passive"/>
      </pins>
    </libpart>
    <libpart lib="Device" part="R">
      <description>Resistor</description>
      <docs>~</docs>
      <footprints>
        <fp>R_*</fp>
      </footprints>
      <fields>
        <field name="Reference">R</field>
        <field name="Value">R</field>
        <field name="Datasheet">~</field>
      </fields>
      <pins>
        <pin num="1" name="" type="passive"/>
        <pin num="2" name="" type="passive"/>
      </pins>
    </libpart>
    <libpart lib="Device" part="R_Potentiometer_Small">
      <description>Potentiometer</description>
      <docs>~</docs>
      <footprints>
        <fp>Potentiometer*</fp>
      </footprints>
      <fields>
        <field name="Reference">RV</field>
        <field name="Value">R_Potentiometer_Small</field>
        <field name="Datasheet">~</field>
      </fields>
      <pins>
        <pin num="1" name="1" type="passive"/>
        <pin num="2" name="2" type="passive"/>
        <pin num="3" name="3" type="passive"/>
      </pins>
    </libpart>
    <libpart lib="ISO7730" part="ISO7730DWR">
      <docs>ISO7730DWR</docs>
      <footprints>
        <fp>DW0016B_N</fp>
        <fp>DW0016B_L</fp>
        <fp>DW0016B_M</fp>
        <fp>DW0016B_HV</fp>
      </footprints>
      <fields>
        <field name="Reference">U</field>
        <field name="Value">ISO7730DWR</field>
        <field name="Footprint">DW0016B_N</field>
        <field name="Datasheet">ISO7730DWR</field>
      </fields>
      <pins>
        <pin num="1" name="VCC1" type="power_in"/>
        <pin num="2" name="GND1" type="power_in"/>
        <pin num="3" name="INA" type="input"/>
        <pin num="4" name="INB" type="input"/>
        <pin num="5" name="INC" type="input"/>
        <pin num="6" name="NC" type="unspecified"/>
        <pin num="7" name="NC" type="unspecified"/>
        <pin num="8" name="GND1" type="power_in"/>
        <pin num="9" name="GND2" type="power_in"/>
        <pin num="10" name="EN2" type="input"/>
        <pin num="11" name="NC" type="unspecified"/>
        <pin num="12" name="OUTC" type="tri_state"/>
        <pin num="13" name="OUTB" type="tri_state"/>
        <pin num="14" name="OUTA" type="tri_state"/>
        <pin num="15" name="GND2" type="power_in"/>
        <pin num="16" name="VCC2" type="power_in"/>
      </pins>
    </libpart>
    <libpart lib="IVC102" part="IVC102U">
      <footprints>
        <fp>D14</fp>
        <fp>D14-M</fp>
        <fp>D14-L</fp>
      </footprints>
      <fields>
        <field name="Reference">U10</field>
        <field name="Value">IVC102U</field>
        <field name="Footprint">Package_SO:SOIC-14_3.9x8.7mm_P1.27mm</field>
      </fields>
      <pins>
        <pin num="1" name="ANALOGGROUND" type="power_in"/>
        <pin num="2" name="IIN" type="input"/>
        <pin num="3" name="IN-" type="input"/>
        <pin num="4" name="C1" type="passive"/>
        <pin num="5" name="C2" type="passive"/>
        <pin num="6" name="C3" type="passive"/>
        <pin num="7" name="NC" type="passive"/>
        <pin num="8" name="NC" type="passive"/>
        <pin num="9" name="V-" type="power_in"/>
        <pin num="10" name="VO" type="output"/>
        <pin num="11" name="S1" type="passive"/>
        <pin num="12" name="S2" type="passive"/>
        <pin num="13" name="DIGITALGROUND" type="power_in"/>
        <pin num="14" name="V+" type="power_in"/>
      </pins>
    </libpart>
    <libpart lib="Mechanical" part="MountingHole">
      <description>Mounting Hole without connection</description>
      <docs>~</docs>
      <footprints>
        <fp>MountingHole*</fp>
      </footprints>
      <fields>
        <field name="Reference">H</field>
        <field name="Value">MountingHole</field>
        <field name="Datasheet">~</field>
      </fields>
    </libpart>
    <libpart lib="OPA2189" part="OPA2189IDR">
      <docs>OPA2189IDR</docs>
      <footprints>
        <fp>D0008A_N</fp>
        <fp>D0008A_M</fp>
        <fp>D0008A_L</fp>
      </footprints>
      <fields>
        <field name="Reference">U</field>
        <field name="Value">OPA2189IDR</field>
        <field name="Footprint">D0008A_N</field>
        <field name="Datasheet">OPA2189IDR</field>
      </fields>
      <pins>
        <pin num="1" name="OUT" type="output"/>
        <pin num="2" name="IN-" type="input"/>
        <pin num="3" name="IN+" type="input"/>
        <pin num="4" name="V-" type="power_in"/>
        <pin num="5" name="IN+" type="input"/>
        <pin num="6" name="IN-" type="input"/>
        <pin num="7" name="OUT" type="output"/>
        <pin num="8" name="V+" type="power_in"/>
      </pins>
    </libpart>
    <libpart lib="OPA2189IDR" part="OPA2189IDR">
      <docs>OPA2189IDR</docs>
      <footprints>
        <fp>D0008A_N</fp>
        <fp>D0008A_M</fp>
        <fp>D0008A_L</fp>
      </footprints>
      <fields>
        <field name="Reference">U</field>
        <field name="Value">OPA2189IDR</field>
        <field name="Footprint">D0008A_N</field>
        <field name="Datasheet">OPA2189IDR</field>
      </fields>
      <pins>
        <pin num="1" name="OUT" type="output"/>
        <pin num="2" name="IN-" type="input"/>
        <pin num="3" name="IN+" type="input"/>
        <pin num="4" name="V-" type="power_in"/>
        <pin num="5" name="IN+" type="input"/>
        <pin num="6" name="IN-" type="input"/>
        <pin num="7" name="OUT" type="output"/>
        <pin num="8" name="V+" type="power_in"/>
      </pins>
    </libpart>
    <libpart lib="PengMade" part="DG419CY+">
      <fields>
        <field name="Reference">U</field>
        <field name="Value">DG419CY+</field>
      </fields>
      <pins>
        <pin num="1" name="D" type="bidirectional"/>
        <pin num="2" name="S1" type="bidirectional"/>
        <pin num="3" name="GND" type="power_in"/>
        <pin num="4" name="V+" type="power_in"/>
        <pin num="5" name="VL" type="power_in"/>
        <pin num="6" name="IN" type="input"/>
        <pin num="7" name="V-" type="power_in"/>
        <pin num="8" name="S2" type="bidirectional"/>
      </pins>
    </libpart>
    <libpart lib="Reference_Voltage" part="REF102CU">
      <description>10V ±2.5mV Precision Voltage Reference, SO-8</description>
      <docs>http://www.ti.com/lit/ds/symlink/ref02.pdf</docs>
      <footprints>
        <fp>SOIC*3.9x4.9mm*P1.27mm*</fp>
      </footprints>
      <fields>
        <field name="Reference">U</field>
        <field name="Value">REF102CU</field>
        <field name="Footprint">Package_SO:SOIC-8_3.9x4.9mm_P1.27mm</field>
        <field name="Datasheet">http://www.ti.com/lit/ds/symlink/ref02.pdf</field>
      </fields>
      <pins>
        <pin num="1" name="NC" type="no_connect"/>
        <pin num="2" name="Vin" type="power_in"/>
        <pin num="3" name="TEMP" type="passive"/>
        <pin num="4" name="GND" type="power_in"/>
        <pin num="5" name="TRIM" type="passive"/>
        <pin num="6" name="Vout" type="power_out"/>
        <pin num="7" name="NC" type="no_connect"/>
        <pin num="8" name="NR" type="passive"/>
      </pins>
    </libpart>
    <libpart lib="Regulator_Linear" part="TPS7A0531PDBV">
      <description>200-mA Ultra-Low-Iq LDO, 3.1V, SOT-23-5</description>
      <docs>https://www.ti.com/lit/ds/symlink/tps7a05.pdf</docs>
      <footprints>
        <fp>SOT?23*</fp>
      </footprints>
      <fields>
        <field name="Reference">U</field>
        <field name="Value">TPS7A0531PDBV</field>
        <field name="Footprint">Package_TO_SOT_SMD:SOT-23-5</field>
        <field name="Datasheet">https://www.ti.com/lit/ds/symlink/tps7a05.pdf</field>
      </fields>
      <pins>
        <pin num="1" name="IN" type="power_in"/>
        <pin num="2" name="GND" type="power_in"/>
        <pin num="3" name="EN" type="input"/>
        <pin num="4" name="NC" type="no_connect"/>
        <pin num="5" name="OUT" type="power_out"/>
      </pins>
    </libpart>
  </libparts>
  <libraries>
    <library logical="AMP03GSZ">
      <uri>/Users/darcydu/Downloads/ul_AMP03GSZ/KiCAD/2022-09-08_18-22-47/2022-09-08_18-22-47.lib</uri>
    </library>
    <library logical="Connector">
      <uri>/Applications/KiCad/KiCad.app/Contents/SharedSupport/symbols//Connector.kicad_sym</uri>
    </library>
    <library logical="Connector_Generic">
      <uri>/Applications/KiCad/KiCad.app/Contents/SharedSupport/symbols//Connector_Generic.kicad_sym</uri>
    </library>
    <library logical="Device">
      <uri>/Applications/KiCad/KiCad.app/Contents/SharedSupport/symbols//Device.kicad_sym</uri>
    </library>
    <library logical="ISO7730">
      <uri>/Users/darcydu/Downloads/KiCADv6/2024-03-28_18-59-52.kicad_sym</uri>
    </library>
    <library logical="IVC102">
      <uri>/Users/darcydu/Downloads/ul_IVC102U-2K5/KiCAD/2022-09-08_19-11-52/2022-09-08_19-11-52.lib</uri>
    </library>
    <library logical="Mechanical">
      <uri>/Applications/KiCad/KiCad.app/Contents/SharedSupport/symbols//Mechanical.kicad_sym</uri>
    </library>
    <library logical="OPA2189IDR">
      <uri>/Users/darcydu/Desktop/Lab_Data/Magnetic_Noise_Cancellation/OPA2189IDR/2024-05-20_19-14-43.kicad_sym</uri>
    </library>
    <library logical="PengMade">
      <uri>/Users/darcydu/Documents/KiCad/6.0/symbols/PengMade.kicad_sym</uri>
    </library>
    <library logical="Reference_Voltage">
      <uri>/Applications/KiCad/KiCad.app/Contents/SharedSupport/symbols//Reference_Voltage.kicad_sym</uri>
    </library>
    <library logical="Regulator_Linear">
      <uri>/Applications/KiCad/KiCad.app/Contents/SharedSupport/symbols//Regulator_Linear.kicad_sym</uri>
    </library>
  </libraries>
  <nets>
    <net code="1" name="+5V">
      <node ref="C14" pin="1" pintype="passive"/>
      <node ref="C19" pin="2" pintype="passive"/>
      <node ref="C36" pin="1" pintype="passive"/>
      <node ref="U11" pin="5" pinfunction="VL" pintype="power_in"/>
      <node ref="U16" pin="5" pinfunction="OUT" pintype="power_out"/>
      <node ref="U17" pin="1" pinfunction="VCC1" pintype="power_in"/>
      <node ref="U17" pin="10" pinfunction="EN2" pintype="input"/>
      <node ref="U17" pin="16" pinfunction="VCC2" pintype="power_in"/>
      <node ref="U20" pin="5" pinfunction="VL" pintype="power_in"/>
      <node ref="U21" pin="5" pinfunction="VL" pintype="power_in"/>
      <node ref="U9" pin="5" pinfunction="VL" pintype="power_in"/>
    </net>
    <net code="2" name="+15V">
      <node ref="C11" pin="1" pintype="passive"/>
      <node ref="C16" pin="1" pintype="passive"/>
      <node ref="C18" pin="1" pintype="passive"/>
      <node ref="C20" pin="2" pintype="passive"/>
      <node ref="C21" pin="2" pintype="passive"/>
      <node ref="C22" pin="2" pintype="passive"/>
      <node ref="C23" pin="2" pintype="passive"/>
      <node ref="C24" pin="2" pintype="passive"/>
      <node ref="C25" pin="2" pintype="passive"/>
      <node ref="C26" pin="2" pintype="passive"/>
      <node ref="C27" pin="2" pintype="passive"/>
      <node ref="C39" pin="1" pintype="passive"/>
      <node ref="C4" pin="1" pintype="passive"/>
      <node ref="C40" pin="1" pintype="passive"/>
      <node ref="C41" pin="2" pintype="passive"/>
      <node ref="C5" pin="1" pintype="passive"/>
      <node ref="C6" pin="1" pintype="passive"/>
      <node ref="C_REF1" pin="1" pintype="passive"/>
      <node ref="J2" pin="1" pinfunction="Pin_1" pintype="passive"/>
      <node ref="U1" pin="7" pinfunction="V+" pintype="power_in"/>
      <node ref="U10" pin="8" pinfunction="V+" pintype="power_in"/>
      <node ref="U11" pin="4" pinfunction="V+" pintype="power_in"/>
      <node ref="U12" pin="8" pinfunction="V+" pintype="power_in"/>
      <node ref="U13" pin="14" pinfunction="V+" pintype="power_in"/>
      <node ref="U14" pin="14" pinfunction="V+" pintype="power_in"/>
      <node ref="U15" pin="8" pinfunction="V+" pintype="power_in"/>
      <node ref="U16" pin="1" pinfunction="IN" pintype="power_in"/>
      <node ref="U16" pin="3" pinfunction="EN" pintype="input"/>
      <node ref="U18" pin="7" pinfunction="V+" pintype="power_in"/>
      <node ref="U19" pin="7" pinfunction="V+" pintype="power_in"/>
      <node ref="U2" pin="7" pinfunction="V+" pintype="power_in"/>
      <node ref="U20" pin="4" pinfunction="V+" pintype="power_in"/>
      <node ref="U21" pin="4" pinfunction="V+" pintype="power_in"/>
      <node ref="U22" pin="8" pinfunction="V+" pintype="power_in"/>
      <node ref="U3" pin="8" pinfunction="V+" pintype="power_in"/>
      <node ref="U4" pin="8" pinfunction="V+" pintype="power_in"/>
      <node ref="U5" pin="2" pinfunction="Vin" pintype="power_in"/>
      <node ref="U6" pin="8" pinfunction="V+" pintype="power_in"/>
      <node ref="U7" pin="8" pinfunction="V+" pintype="power_in"/>
      <node ref="U8" pin="8" pinfunction="V+" pintype="power_in"/>
      <node ref="U9" pin="4" pinfunction="V+" pintype="power_in"/>
    </net>
    <net code="3" name="-15V">
      <node ref="C1" pin="1" pintype="passive"/>
      <node ref="C15" pin="1" pintype="passive"/>
      <node ref="C17" pin="1" pintype="passive"/>
      <node ref="C2" pin="2" pintype="passive"/>
      <node ref="C28" pin="1" pintype="passive"/>
      <node ref="C29" pin="1" pintype="passive"/>
      <node ref="C3" pin="1" pintype="passive"/>
      <node ref="C30" pin="1" pintype="passive"/>
      <node ref="C31" pin="1" pintype="passive"/>
      <node ref="C32" pin="1" pintype="passive"/>
      <node ref="C33" pin="1" pintype="passive"/>
      <node ref="C34" pin="1" pintype="passive"/>
      <node ref="C35" pin="1" pintype="passive"/>
      <node ref="C37" pin="1" pintype="passive"/>
      <node ref="C38" pin="1" pintype="passive"/>
      <node ref="C42" pin="1" pintype="passive"/>
      <node ref="J2" pin="3" pinfunction="Pin_3" pintype="passive"/>
      <node ref="U1" pin="4" pinfunction="V-" pintype="power_in"/>
      <node ref="U10" pin="4" pinfunction="V-" pintype="power_in"/>
      <node ref="U11" pin="7" pinfunction="V-" pintype="power_in"/>
      <node ref="U12" pin="4" pinfunction="V-" pintype="power_in"/>
      <node ref="U13" pin="9" pinfunction="V-" pintype="power_in"/>
      <node ref="U14" pin="9" pinfunction="V-" pintype="power_in"/>
      <node ref="U15" pin="4" pinfunction="V-" pintype="power_in"/>
      <node ref="U18" pin="4" pinfunction="V-" pintype="power_in"/>
      <node ref="U19" pin="4" pinfunction="V-" pintype="power_in"/>
      <node ref="U2" pin="4" pinfunction="V-" pintype="power_in"/>
      <node ref="U20" pin="7" pinfunction="V-" pintype="power_in"/>
      <node ref="U21" pin="7" pinfunction="V-" pintype="power_in"/>
      <node ref="U22" pin="4" pinfunction="V-" pintype="power_in"/>
      <node ref="U3" pin="4" pinfunction="V-" pintype="power_in"/>
      <node ref="U4" pin="4" pinfunction="V-" pintype="power_in"/>
      <node ref="U6" pin="4" pinfunction="V-" pintype="power_in"/>
      <node ref="U7" pin="4" pinfunction="V-" pintype="power_in"/>
      <node ref="U8" pin="4" pinfunction="V-" pintype="power_in"/>
      <node ref="U9" pin="7" pinfunction="V-" pintype="power_in"/>
    </net>
    <net code="4" name="/Dig1">
      <node ref="U11" pin="6" pinfunction="IN" pintype="input"/>
      <node ref="U17" pin="14" pinfunction="OUTA" pintype="tri_state"/>
      <node ref="U20" pin="6" pinfunction="IN" pintype="input"/>
      <node ref="U21" pin="6" pinfunction="IN" pintype="input"/>
      <node ref="U9" pin="6" pinfunction="IN" pintype="input"/>
    </net>
    <net code="5" name="/Dig2">
      <node ref="U13" pin="11" pinfunction="S1" pintype="passive"/>
      <node ref="U14" pin="11" pinfunction="S1" pintype="passive"/>
      <node ref="U17" pin="13" pinfunction="OUTB" pintype="tri_state"/>
    </net>
    <net code="6" name="/Dig3">
      <node ref="U13" pin="12" pinfunction="S2" pintype="passive"/>
      <node ref="U14" pin="12" pinfunction="S2" pintype="passive"/>
      <node ref="U17" pin="12" pinfunction="OUTC" pintype="tri_state"/>
    </net>
    <net code="7" name="/ErrorSignal_x">
      <node ref="R15" pin="2" pintype="passive"/>
      <node ref="RV5" pin="1" pinfunction="1" pintype="passive"/>
      <node ref="U10" pin="6" pinfunction="IN-" pintype="input"/>
      <node ref="U10" pin="7" pinfunction="OUT" pintype="output"/>
      <node ref="U15" pin="3" pinfunction="IN+" pintype="input"/>
    </net>
    <net code="8" name="/ErrorSignal_y">
      <node ref="R16" pin="2" pintype="passive"/>
      <node ref="RV4" pin="1" pinfunction="1" pintype="passive"/>
      <node ref="U10" pin="1" pinfunction="OUT" pintype="output"/>
      <node ref="U10" pin="2" pinfunction="IN-" pintype="input"/>
      <node ref="U15" pin="5" pinfunction="IN+" pintype="input"/>
    </net>
    <net code="9" name="/Error_x_monitor">
      <node ref="J5" pin="3" pinfunction="Pin_3" pintype="passive"/>
      <node ref="U15" pin="1" pinfunction="OUT" pintype="output"/>
      <node ref="U15" pin="2" pinfunction="IN-" pintype="input"/>
    </net>
    <net code="10" name="/Error_y_monitor">
      <node ref="J6" pin="3" pinfunction="Pin_3" pintype="passive"/>
      <node ref="U15" pin="6" pinfunction="IN-" pintype="input"/>
      <node ref="U15" pin="7" pinfunction="OUT" pintype="output"/>
    </net>
    <net code="11" name="/Iset_x">
      <node ref="RV2" pin="2" pinfunction="2" pintype="passive"/>
      <node ref="U7" pin="5" pinfunction="IN+" pintype="input"/>
    </net>
    <net code="12" name="/Iset_y">
      <node ref="RV1" pin="2" pinfunction="2" pintype="passive"/>
      <node ref="U3" pin="5" pinfunction="IN+" pintype="input"/>
    </net>
    <net code="13" name="/V_cntrl_x">
      <node ref="J5" pin="1" pinfunction="Pin_1" pintype="passive"/>
      <node ref="R3" pin="1" pintype="passive"/>
      <node ref="U8" pin="1" pinfunction="OUT" pintype="output"/>
    </net>
    <net code="14" name="/V_cntrl_y">
      <node ref="J6" pin="1" pinfunction="Pin_1" pintype="passive"/>
      <node ref="R14" pin="1" pintype="passive"/>
      <node ref="U8" pin="7" pinfunction="OUT" pintype="output"/>
    </net>
    <net code="15" name="/V_int_x">
      <node ref="C13" pin="2" pintype="passive"/>
      <node ref="R2" pin="2" pintype="passive"/>
      <node ref="U14" pin="10" pinfunction="VO" pintype="output"/>
    </net>
    <net code="16" name="/V_int_y">
      <node ref="C12" pin="2" pintype="passive"/>
      <node ref="R12" pin="2" pintype="passive"/>
      <node ref="U13" pin="10" pinfunction="VO" pintype="output"/>
    </net>
    <net code="17" name="/V_p_x">
      <node ref="R1" pin="2" pintype="passive"/>
      <node ref="RV3" pin="2" pinfunction="2" pintype="passive"/>
      <node ref="U12" pin="1" pinfunction="OUT" pintype="output"/>
    </net>
    <net code="18" name="/V_p_y">
      <node ref="R11" pin="2" pintype="passive"/>
      <node ref="RV6" pin="2" pinfunction="2" pintype="passive"/>
      <node ref="U12" pin="7" pinfunction="OUT" pintype="output"/>
    </net>
    <net code="19" name="/Vset_x">
      <node ref="R6" pin="1" pintype="passive"/>
      <node ref="U20" pin="8" pinfunction="S2" pintype="bidirectional"/>
      <node ref="U7" pin="6" pinfunction="IN-" pintype="input"/>
      <node ref="U7" pin="7" pinfunction="OUT" pintype="output"/>
    </net>
    <net code="20" name="/Vset_y">
      <node ref="R4" pin="1" pintype="passive"/>
      <node ref="U21" pin="8" pinfunction="S2" pintype="bidirectional"/>
      <node ref="U3" pin="6" pinfunction="IN-" pintype="input"/>
      <node ref="U3" pin="7" pinfunction="OUT" pintype="output"/>
    </net>
    <net code="21" name="GND">
      <node ref="C1" pin="2" pintype="passive"/>
      <node ref="C10" pin="2" pintype="passive"/>
      <node ref="C11" pin="2" pintype="passive"/>
      <node ref="C14" pin="2" pintype="passive"/>
      <node ref="C15" pin="2" pintype="passive"/>
      <node ref="C16" pin="2" pintype="passive"/>
      <node ref="C17" pin="2" pintype="passive"/>
      <node ref="C18" pin="2" pintype="passive"/>
      <node ref="C19" pin="1" pintype="passive"/>
      <node ref="C2" pin="1" pintype="passive"/>
      <node ref="C20" pin="1" pintype="passive"/>
      <node ref="C21" pin="1" pintype="passive"/>
      <node ref="C22" pin="1" pintype="passive"/>
      <node ref="C23" pin="1" pintype="passive"/>
      <node ref="C24" pin="1" pintype="passive"/>
      <node ref="C25" pin="1" pintype="passive"/>
      <node ref="C26" pin="1" pintype="passive"/>
      <node ref="C27" pin="1" pintype="passive"/>
      <node ref="C28" pin="2" pintype="passive"/>
      <node ref="C29" pin="2" pintype="passive"/>
      <node ref="C3" pin="2" pintype="passive"/>
      <node ref="C30" pin="2" pintype="passive"/>
      <node ref="C31" pin="2" pintype="passive"/>
      <node ref="C32" pin="2" pintype="passive"/>
      <node ref="C33" pin="2" pintype="passive"/>
      <node ref="C34" pin="2" pintype="passive"/>
      <node ref="C35" pin="2" pintype="passive"/>
      <node ref="C36" pin="2" pintype="passive"/>
      <node ref="C37" pin="2" pintype="passive"/>
      <node ref="C38" pin="2" pintype="passive"/>
      <node ref="C39" pin="2" pintype="passive"/>
      <node ref="C4" pin="2" pintype="passive"/>
      <node ref="C40" pin="2" pintype="passive"/>
      <node ref="C41" pin="1" pintype="passive"/>
      <node ref="C42" pin="2" pintype="passive"/>
      <node ref="C5" pin="2" pintype="passive"/>
      <node ref="C6" pin="2" pintype="passive"/>
      <node ref="C9" pin="2" pintype="passive"/>
      <node ref="C_REF1" pin="2" pintype="passive"/>
      <node ref="C_REF2" pin="2" pintype="passive"/>
      <node ref="J10" pin="2" pinfunction="Pin_2" pintype="passive"/>
      <node ref="J11" pin="2" pinfunction="Pin_2" pintype="passive"/>
      <node ref="J2" pin="2" pinfunction="Pin_2" pintype="passive"/>
      <node ref="J4" pin="1" pinfunction="Pin_1" pintype="passive"/>
      <node ref="J5" pin="2" pinfunction="Pin_2" pintype="passive"/>
      <node ref="J5" pin="4" pinfunction="Pin_4" pintype="passive"/>
      <node ref="J6" pin="2" pinfunction="Pin_2" pintype="passive"/>
      <node ref="J6" pin="4" pinfunction="Pin_4" pintype="passive"/>
      <node ref="RV7" pin="2" pinfunction="2" pintype="passive"/>
      <node ref="RV8" pin="2" pinfunction="2" pintype="passive"/>
      <node ref="U1" pin="1" pinfunction="REFERENCE" pintype="bidirectional"/>
      <node ref="U11" pin="2" pinfunction="S1" pintype="bidirectional"/>
      <node ref="U11" pin="3" pinfunction="GND" pintype="power_in"/>
      <node ref="U12" pin="3" pinfunction="IN+" pintype="input"/>
      <node ref="U12" pin="5" pinfunction="IN+" pintype="input"/>
      <node ref="U13" pin="1" pinfunction="ANALOGGROUND" pintype="power_in"/>
      <node ref="U13" pin="13" pinfunction="DIGITALGROUND" pintype="power_in"/>
      <node ref="U13" pin="7" pinfunction="NC" pintype="passive"/>
      <node ref="U13" pin="8" pinfunction="NC" pintype="passive"/>
      <node ref="U14" pin="1" pinfunction="ANALOGGROUND" pintype="power_in"/>
      <node ref="U14" pin="13" pinfunction="DIGITALGROUND" pintype="power_in"/>
      <node ref="U14" pin="7" pinfunction="NC" pintype="passive"/>
      <node ref="U14" pin="8" pinfunction="NC" pintype="passive"/>
      <node ref="U16" pin="2" pinfunction="GND" pintype="power_in"/>
      <node ref="U17" pin="15" pinfunction="GND2" pintype="power_in"/>
      <node ref="U17" pin="9" pinfunction="GND2" pintype="power_in"/>
      <node ref="U18" pin="1" pinfunction="REFERENCE" pintype="bidirectional"/>
      <node ref="U19" pin="1" pinfunction="REFERENCE" pintype="bidirectional"/>
      <node ref="U2" pin="1" pinfunction="REFERENCE" pintype="bidirectional"/>
      <node ref="U20" pin="3" pinfunction="GND" pintype="power_in"/>
      <node ref="U21" pin="3" pinfunction="GND" pintype="power_in"/>
      <node ref="U3" pin="3" pinfunction="IN+" pintype="input"/>
      <node ref="U5" pin="4" pinfunction="GND" pintype="power_in"/>
      <node ref="U7" pin="3" pinfunction="IN+" pintype="input"/>
      <node ref="U8" pin="3" pinfunction="IN+" pintype="input"/>
      <node ref="U8" pin="5" pinfunction="IN+" pintype="input"/>
      <node ref="U9" pin="2" pinfunction="S1" pintype="bidirectional"/>
      <node ref="U9" pin="3" pinfunction="GND" pintype="power_in"/>
    </net>
    <net code="22" name="Net-(C7-Pad1)">
      <node ref="C7" pin="1" pintype="passive"/>
      <node ref="C8" pin="1" pintype="passive"/>
      <node ref="R13" pin="1" pintype="passive"/>
      <node ref="U6" pin="1" pinfunction="OUT" pintype="output"/>
    </net>
    <net code="23" name="Net-(C7-Pad2)">
      <node ref="C7" pin="2" pintype="passive"/>
      <node ref="C8" pin="2" pintype="passive"/>
      <node ref="R8" pin="2" pintype="passive"/>
      <node ref="U6" pin="2" pinfunction="IN-" pintype="input"/>
    </net>
    <net code="24" name="Net-(C10-Pad1)">
      <node ref="C10" pin="1" pintype="passive"/>
      <node ref="C9" pin="1" pintype="passive"/>
      <node ref="R13" pin="2" pintype="passive"/>
      <node ref="R8" pin="1" pintype="passive"/>
      <node ref="U6" pin="5" pinfunction="IN+" pintype="input"/>
    </net>
    <net code="25" name="Net-(C12-Pad1)">
      <node ref="C12" pin="1" pintype="passive"/>
      <node ref="U13" pin="3" pinfunction="IN-" pintype="input"/>
      <node ref="U13" pin="4" pinfunction="C1" pintype="passive"/>
      <node ref="U13" pin="5" pinfunction="C2" pintype="passive"/>
      <node ref="U13" pin="6" pinfunction="C3" pintype="passive"/>
    </net>
    <net code="26" name="Net-(C13-Pad1)">
      <node ref="C13" pin="1" pintype="passive"/>
      <node ref="U14" pin="3" pinfunction="IN-" pintype="input"/>
      <node ref="U14" pin="4" pinfunction="C1" pintype="passive"/>
      <node ref="U14" pin="5" pinfunction="C2" pintype="passive"/>
      <node ref="U14" pin="6" pinfunction="C3" pintype="passive"/>
    </net>
    <net code="27" name="Net-(C_REF2-Pad1)">
      <node ref="C_REF2" pin="1" pintype="passive"/>
      <node ref="U5" pin="8" pinfunction="NR" pintype="passive"/>
    </net>
    <net code="28" name="Net-(J1-Pad1)">
      <node ref="J1" pin="1" pinfunction="Pin_1" pintype="passive"/>
      <node ref="U1" pin="3" pinfunction="+IN" pintype="unspecified"/>
    </net>
    <net code="29" name="Net-(J1-Pad2)">
      <node ref="J1" pin="2" pinfunction="Pin_2" pintype="passive"/>
      <node ref="U1" pin="2" pinfunction="-IN" pintype="unspecified"/>
    </net>
    <net code="30" name="Net-(J3-Pad1)">
      <node ref="J3" pin="1" pinfunction="Pin_1" pintype="passive"/>
      <node ref="U2" pin="3" pinfunction="+IN" pintype="unspecified"/>
    </net>
    <net code="31" name="Net-(J3-Pad2)">
      <node ref="J3" pin="2" pinfunction="Pin_2" pintype="passive"/>
      <node ref="U2" pin="2" pinfunction="-IN" pintype="unspecified"/>
    </net>
    <net code="32" name="Net-(J4-Pad2)">
      <node ref="J4" pin="2" pinfunction="Pin_2" pintype="passive"/>
      <node ref="U5" pin="3" pinfunction="TEMP" pintype="passive"/>
    </net>
    <net code="33" name="Net-(J7-Pad1)">
      <node ref="J7" pin="1" pinfunction="Pin_1" pintype="passive"/>
      <node ref="U17" pin="3" pinfunction="INA" pintype="input"/>
    </net>
    <net code="34" name="Net-(J7-Pad2)">
      <node ref="J7" pin="2" pinfunction="Pin_2" pintype="passive"/>
      <node ref="J7" pin="4" pinfunction="Pin_4" pintype="passive"/>
      <node ref="J7" pin="6" pinfunction="Pin_6" pintype="passive"/>
      <node ref="U17" pin="2" pinfunction="GND1" pintype="power_in"/>
      <node ref="U17" pin="8" pinfunction="GND1" pintype="power_in"/>
    </net>
    <net code="35" name="Net-(J7-Pad3)">
      <node ref="J7" pin="3" pinfunction="Pin_3" pintype="passive"/>
      <node ref="U17" pin="4" pinfunction="INB" pintype="input"/>
    </net>
    <net code="36" name="Net-(J7-Pad5)">
      <node ref="J7" pin="5" pinfunction="Pin_5" pintype="passive"/>
      <node ref="U17" pin="5" pinfunction="INC" pintype="input"/>
    </net>
    <net code="37" name="Net-(J8-Pad1)">
      <node ref="J8" pin="1" pinfunction="Pin_1" pintype="passive"/>
      <node ref="U18" pin="3" pinfunction="+IN" pintype="unspecified"/>
    </net>
    <net code="38" name="Net-(J8-Pad2)">
      <node ref="J8" pin="2" pinfunction="Pin_2" pintype="passive"/>
      <node ref="U18" pin="2" pinfunction="-IN" pintype="unspecified"/>
    </net>
    <net code="39" name="Net-(J9-Pad1)">
      <node ref="J9" pin="1" pinfunction="Pin_1" pintype="passive"/>
      <node ref="U19" pin="3" pinfunction="+IN" pintype="unspecified"/>
    </net>
    <net code="40" name="Net-(J9-Pad2)">
      <node ref="J9" pin="2" pinfunction="Pin_2" pintype="passive"/>
      <node ref="U19" pin="2" pinfunction="-IN" pintype="unspecified"/>
    </net>
    <net code="41" name="Net-(J10-Pad1)">
      <node ref="J10" pin="1" pinfunction="Pin_1" pintype="passive"/>
      <node ref="U22" pin="6" pinfunction="IN-" pintype="input"/>
      <node ref="U22" pin="7" pinfunction="OUT" pintype="output"/>
    </net>
    <net code="42" name="Net-(J11-Pad1)">
      <node ref="J11" pin="1" pinfunction="Pin_1" pintype="passive"/>
      <node ref="U22" pin="1" pinfunction="OUT" pintype="output"/>
      <node ref="U22" pin="2" pinfunction="IN-" pintype="input"/>
    </net>
    <net code="43" name="Net-(R1-Pad1)">
      <node ref="R1" pin="1" pintype="passive"/>
      <node ref="R2" pin="1" pintype="passive"/>
      <node ref="R3" pin="2" pintype="passive"/>
      <node ref="U8" pin="2" pinfunction="IN-" pintype="input"/>
    </net>
    <net code="44" name="Net-(R4-Pad2)">
      <node ref="R4" pin="2" pintype="passive"/>
      <node ref="R7" pin="2" pintype="passive"/>
      <node ref="R9" pin="1" pintype="passive"/>
      <node ref="U3" pin="2" pinfunction="IN-" pintype="input"/>
    </net>
    <net code="45" name="Net-(R5-Pad1)">
      <node ref="R5" pin="1" pintype="passive"/>
      <node ref="U1" pin="5" pinfunction="SENSE" pintype="unspecified"/>
      <node ref="U1" pin="6" pinfunction="OUTPUT" pintype="unspecified"/>
    </net>
    <net code="46" name="Net-(R7-Pad1)">
      <node ref="R7" pin="1" pintype="passive"/>
      <node ref="U2" pin="5" pinfunction="SENSE" pintype="bidirectional"/>
      <node ref="U2" pin="6" pinfunction="OUTPUT" pintype="unspecified"/>
    </net>
    <net code="47" name="Net-(R9-Pad2)">
      <node ref="R9" pin="2" pintype="passive"/>
      <node ref="U3" pin="1" pinfunction="OUT" pintype="output"/>
      <node ref="U9" pin="8" pinfunction="S2" pintype="bidirectional"/>
    </net>
    <net code="48" name="Net-(R10-Pad1)">
      <node ref="R10" pin="1" pintype="passive"/>
      <node ref="R5" pin="2" pintype="passive"/>
      <node ref="R6" pin="2" pintype="passive"/>
      <node ref="U7" pin="2" pinfunction="IN-" pintype="input"/>
    </net>
    <net code="49" name="Net-(R10-Pad2)">
      <node ref="R10" pin="2" pintype="passive"/>
      <node ref="U11" pin="8" pinfunction="S2" pintype="bidirectional"/>
      <node ref="U7" pin="1" pinfunction="OUT" pintype="output"/>
    </net>
    <net code="50" name="Net-(R11-Pad1)">
      <node ref="R11" pin="1" pintype="passive"/>
      <node ref="R12" pin="1" pintype="passive"/>
      <node ref="R14" pin="2" pintype="passive"/>
      <node ref="U8" pin="6" pinfunction="IN-" pintype="input"/>
    </net>
    <net code="51" name="Net-(R15-Pad1)">
      <node ref="R15" pin="1" pintype="passive"/>
      <node ref="RV3" pin="1" pinfunction="1" pintype="passive"/>
      <node ref="U12" pin="2" pinfunction="IN-" pintype="input"/>
    </net>
    <net code="52" name="Net-(R16-Pad1)">
      <node ref="R16" pin="1" pintype="passive"/>
      <node ref="RV6" pin="1" pinfunction="1" pintype="passive"/>
      <node ref="U12" pin="6" pinfunction="IN-" pintype="input"/>
    </net>
    <net code="53" name="Net-(RV1-Pad1)">
      <node ref="RV1" pin="1" pinfunction="1" pintype="passive"/>
      <node ref="U4" pin="6" pinfunction="IN-" pintype="input"/>
      <node ref="U4" pin="7" pinfunction="OUT" pintype="output"/>
    </net>
    <net code="54" name="Net-(RV1-Pad3)">
      <node ref="RV1" pin="3" pinfunction="3" pintype="passive"/>
      <node ref="RV7" pin="1" pinfunction="1" pintype="passive"/>
    </net>
    <net code="55" name="Net-(RV2-Pad1)">
      <node ref="RV2" pin="1" pinfunction="1" pintype="passive"/>
      <node ref="U4" pin="1" pinfunction="OUT" pintype="output"/>
      <node ref="U4" pin="2" pinfunction="IN-" pintype="input"/>
    </net>
    <net code="56" name="Net-(RV2-Pad3)">
      <node ref="RV2" pin="3" pinfunction="3" pintype="passive"/>
      <node ref="RV8" pin="1" pinfunction="1" pintype="passive"/>
    </net>
    <net code="57" name="Net-(RV4-Pad2)">
      <node ref="RV4" pin="2" pinfunction="2" pintype="passive"/>
      <node ref="U13" pin="2" pinfunction="IIN" pintype="input"/>
    </net>
    <net code="58" name="Net-(RV5-Pad2)">
      <node ref="RV5" pin="2" pinfunction="2" pintype="passive"/>
      <node ref="U14" pin="2" pinfunction="IIN" pintype="input"/>
    </net>
    <net code="59" name="Net-(U4-Pad3)">
      <node ref="U4" pin="3" pinfunction="IN+" pintype="input"/>
      <node ref="U4" pin="5" pinfunction="IN+" pintype="input"/>
      <node ref="U6" pin="6" pinfunction="IN-" pintype="input"/>
      <node ref="U6" pin="7" pinfunction="OUT" pintype="output"/>
    </net>
    <net code="60" name="Net-(U5-Pad6)">
      <node ref="U5" pin="6" pinfunction="Vout" pintype="power_out"/>
      <node ref="U6" pin="3" pinfunction="IN+" pintype="input"/>
    </net>
    <net code="61" name="Net-(U10-Pad3)">
      <node ref="U10" pin="3" pinfunction="IN+" pintype="input"/>
      <node ref="U9" pin="1" pinfunction="D" pintype="bidirectional"/>
    </net>
    <net code="62" name="Net-(U10-Pad5)">
      <node ref="U10" pin="5" pinfunction="IN+" pintype="input"/>
      <node ref="U11" pin="1" pinfunction="D" pintype="bidirectional"/>
    </net>
    <net code="63" name="Net-(U18-Pad5)">
      <node ref="U18" pin="5" pinfunction="SENSE" pintype="bidirectional"/>
      <node ref="U18" pin="6" pinfunction="OUTPUT" pintype="unspecified"/>
      <node ref="U21" pin="2" pinfunction="S1" pintype="bidirectional"/>
    </net>
    <net code="64" name="Net-(U19-Pad5)">
      <node ref="U19" pin="5" pinfunction="SENSE" pintype="bidirectional"/>
      <node ref="U19" pin="6" pinfunction="OUTPUT" pintype="unspecified"/>
      <node ref="U20" pin="2" pinfunction="S1" pintype="bidirectional"/>
    </net>
    <net code="65" name="Net-(U20-Pad1)">
      <node ref="U20" pin="1" pinfunction="D" pintype="bidirectional"/>
      <node ref="U22" pin="3" pinfunction="IN+" pintype="input"/>
    </net>
    <net code="66" name="Net-(U21-Pad1)">
      <node ref="U21" pin="1" pinfunction="D" pintype="bidirectional"/>
      <node ref="U22" pin="5" pinfunction="IN+" pintype="input"/>
    </net>
    <net code="67" name="unconnected-(RV3-Pad3)">
      <node ref="RV3" pin="3" pinfunction="3" pintype="passive+no_connect"/>
    </net>
    <net code="68" name="unconnected-(RV4-Pad3)">
      <node ref="RV4" pin="3" pinfunction="3" pintype="passive+no_connect"/>
    </net>
    <net code="69" name="unconnected-(RV5-Pad3)">
      <node ref="RV5" pin="3" pinfunction="3" pintype="passive+no_connect"/>
    </net>
    <net code="70" name="unconnected-(RV6-Pad3)">
      <node ref="RV6" pin="3" pinfunction="3" pintype="passive+no_connect"/>
    </net>
    <net code="71" name="unconnected-(RV7-Pad3)">
      <node ref="RV7" pin="3" pinfunction="3" pintype="passive+no_connect"/>
    </net>
    <net code="72" name="unconnected-(RV8-Pad3)">
      <node ref="RV8" pin="3" pinfunction="3" pintype="passive+no_connect"/>
    </net>
    <net code="73" name="unconnected-(U1-Pad8)">
      <node ref="U1" pin="8" pinfunction="NC" pintype="unspecified+no_connect"/>
    </net>
    <net code="74" name="unconnected-(U2-Pad8)">
      <node ref="U2" pin="8" pinfunction="NC" pintype="unspecified+no_connect"/>
    </net>
    <net code="75" name="unconnected-(U5-Pad1)">
      <node ref="U5" pin="1" pinfunction="NC" pintype="no_connect"/>
    </net>
    <net code="76" name="unconnected-(U5-Pad5)">
      <node ref="U5" pin="5" pinfunction="TRIM" pintype="passive+no_connect"/>
    </net>
    <net code="77" name="unconnected-(U5-Pad7)">
      <node ref="U5" pin="7" pinfunction="NC" pintype="no_connect"/>
    </net>
    <net code="78" name="unconnected-(U16-Pad4)">
      <node ref="U16" pin="4" pinfunction="NC" pintype="no_connect"/>
    </net>
    <net code="79" name="unconnected-(U17-Pad6)">
      <node ref="U17" pin="6" pinfunction="NC" pintype="unspecified+no_connect"/>
    </net>
    <net code="80" name="unconnected-(U17-Pad7)">
      <node ref="U17" pin="7" pinfunction="NC" pintype="unspecified+no_connect"/>
    </net>
    <net code="81" name="unconnected-(U17-Pad11)">
      <node ref="U17" pin="11" pinfunction="NC" pintype="unspecified+no_connect"/>
    </net>
    <net code="82" name="unconnected-(U18-Pad8)">
      <node ref="U18" pin="8" pinfunction="NC" pintype="unspecified+no_connect"/>
    </net>
    <net code="83" name="unconnected-(U19-Pad8)">
      <node ref="U19" pin="8" pinfunction="NC" pintype="unspecified+no_connect"/>
    </net>
  </nets>
</export>
